"user_input","ai_output","confidence","source"
"-c 50138662","# Kompatibilitetsinformation för 3. Paketets innehåll

**Artikelnummer:** 50138662  
","0.72","**3. Paketets innehåll**"
"-c ""**3. Paketets innehåll**""","# Kompatibilitetsinformation för 3. Paketets innehåll

**Artikelnummer:** 50138663  
","0.648","**3. Paketets innehåll**"
"-c 50138663","# Kompatibilitetsinformation för 3. Paketets innehåll

**Artikelnummer:** 50138663  
","0.72","**3. Paketets innehåll**"
"-c 62368","# Kompatibilitetsinformation för 2. Installation

**Artikelnummer:** 62368  

### Passar till
- avbrottsfri strömförsörjning av 8 IP-enheter  
- löpande drift är den inte utrustad med en strömbrytare och därför måste ett lämpligt överbelastningsskydd tillämpas i strömförsörjningskretsen  
- oavbruten strömförsörjning av 4 IP-enheter  
","0.8","**2. Installation**"
"-c ""**2. Installation**""","# Kompatibilitetsinformation för 2. Installation

**Artikelnummer:** 62368  

### Passar till
- avbrottsfri strömförsörjning av 8 IP-enheter  
- löpande drift är den inte utrustad med en strömbrytare och därför måste ett lämpligt överbelastningsskydd tillämpas i strömförsörjningskretsen  
- oavbruten strömförsörjning av 4 IP-enheter  
","0.7200000000000001","**2. Installation**"
"-c 50151788","# Kompatibilitetsinformation för SWITCHENS PARAMETRAR

**Artikelnummer:** 50151788  

### Passar till
- avbrottsfri strömförsörjning av 8 IP-enheter  
","0.8","**SWITCHENS PARAMETRAR**"
"-c ""**SWITCHENS PARAMETRAR**""","# Kompatibilitetsinformation för SWITCHENS PARAMETRAR

**Artikelnummer:** 50151789  

### Passar till
- oavbruten strömförsörjning av 4 IP-enheter  
","0.7200000000000001","**SWITCHENS PARAMETRAR**"
"-c 50151789","# Kompatibilitetsinformation för SWITCHENS PARAMETRAR

**Artikelnummer:** 50151789  

### Passar till
- oavbruten strömförsörjning av 4 IP-enheter  
","0.8","**SWITCHENS PARAMETRAR**"
"-c 01000","# Kompatibilitetsinformation för Produkt 01000

**Artikelnummer:** 01000  

### Passar till
- NEO Serien  eller NOVA Serien  
","0.8","Produkt 01000"
"-c 50131","# Kompatibilitetsinformation för Sensor Data Fusion

**Artikelnummer:** 50131  

### Passar till
- inbrottslarmsanäggningar  
- sabotagesektion  
","0.8","Om Redundancy Panel 1HE"
"-c ""Om Redundancy Panel 1HE""","# Kompatibilitetsinformation för Sensor Data Fusion

**Artikelnummer:** 50131  

### Passar till
- inbrottslarmsanäggningar  
- sabotagesektion  
","0.7200000000000001","Om Redundancy Panel 1HE"
"-c 12101","# Kompatibilitetsinformation för Test av avbrottsfri strömförsörjning

**Artikelnummer:** 12101  
","0.72","Test av avbrottsfri strömförsörjning"
"-c ""Test av avbrottsfri strömförsörjning""","# Kompatibilitetsinformation för Test av avbrottsfri strömförsörjning

**Artikelnummer:** 12101  
","0.648","Test av avbrottsfri strömförsörjning"
"-c 60950","# Kompatibilitetsinformation för 1 Symbolernas betydelse

**Artikelnummer:** 60950  

### Passar till
- COMM1 på SPCP355 Smart<br>PSU , ström- och dataanslutning, med en direktkabel  
- X-bussen  flyttas den tilldelade sektionen från tvådörrscentralen till nästa lediga sektionsnummer  
- X-bussen , flyttas den tilldelade sektionen från tvådörrscentralen till nästa lediga sektionsnummer  
- bygeln för användning av 17 Ah-batteri och ta bort för 7 Ah<br>batteri  
- denna 2-stiftsanslutning via en<br>transformator som finns i SPC inkapsling  
- dessa<br>godkända centraler  
- en dator via en standard USB-kabel typ A eller typ B  
- n korrekt i hålen på uttaget och tryck det på plats försiktigt men säkert  
- punkt 32, ström- och<br>dataanslutning enligt bilden ovan, med en direktkabel  
- standardprotokollet för SMS-telefoner  
","1.0","BS-Medium 24V"
"-c ""BS-Medium 24V""","# Kompatibilitetsinformation för 1 Symbolernas betydelse

**Artikelnummer:** 60950  

### Passar till
- COMM1 på SPCP355 Smart<br>PSU , ström- och dataanslutning, med en direktkabel  
- X-bussen  flyttas den tilldelade sektionen från tvådörrscentralen till nästa lediga sektionsnummer  
- X-bussen , flyttas den tilldelade sektionen från tvådörrscentralen till nästa lediga sektionsnummer  
- bygeln för användning av 17 Ah-batteri och ta bort för 7 Ah<br>batteri  
- denna 2-stiftsanslutning via en<br>transformator som finns i SPC inkapsling  
- dessa<br>godkända centraler  
- en dator via en standard USB-kabel typ A eller typ B  
- n korrekt i hålen på uttaget och tryck det på plats försiktigt men säkert  
- punkt 32, ström- och<br>dataanslutning enligt bilden ovan, med en direktkabel  
- standardprotokollet för SMS-telefoner  
","0.9","BS-Medium 24V"
"-c 15684","# Kompatibilitetsinformation för IT-struktur i R-CARD M5

**Artikelnummer:** 15684  

### Passar till
- AirKey-cylindern även för befintliga dörrar i kulturminnesmärkta byggnader  
- Microsoft SQL Server 2012 och senare  
- aktivering av motordrivna lås  
- alla typer av dörrar, kulturmärkta byggnader och dörrar med metallkarm  
- alla typer av nödutgångar med patenterad funktion för återställning av låsfuntionen  
- alla vanliga
- dörrbladstjocklekar  › Monteringsvideor och
- monteringsanvisningar finns att tillgå

(_page_52_Picture_21  
- alla vanliga
- dörrbladstjocklekar  › Monteringsvideor och
- monteringsanvisningar finns att tillgå
(_page_52_Picture_21  
- användning både inom- och utomhus  
- att styra andra maskiner än Electrolux samt annan typ av utrustning där man vill förhindra att utrustningen kan nyttjas utan aktiverat pass  
- branddörrar  
- de tuffaste väderförhållandena  
- dörrar enligt<br>EN 179/1125 )  <br>SKG  
- dörrar med skandinaviska lås på insidan  
- dörrar med skandinaviska lås på utsidan  
- funktion och grafiskt gränssnitt beroende på användare som hanterar larmet  
- för aktivering av motordrivna lås  
- för användning både inom- och utomhus  
- för branddörrar  
- för installation i  
- för installation i branddörrar  
- för installation i manöverskåp  
- för installation i nyckelbrytare  
- för installation i nyckelfacksrör  
- för installation i<br>branddörrar  
- för montering på vanliga dörrar med godkända regellås av nordisk standard typ ASSA 8765, 410 eller DORMA 912,919 och behöver varken DB-50 eller annan elektronik för att ansluta till undercentral UC-50  
- för montering på vanliga dörrar med godkända regellås av nordisk standardtyp ASSA 8765, 410 eller DORMA 912

och behöver varken DB-50 eller annan elektronik för att ansluta till undercentral UC-50  
- för montering på vanliga dörrar med godkända regellås av nordisk standardtyp ASSA 8765, 410 eller DORMA 912
och behöver varken DB-50 eller annan elektronik för att ansluta till undercentral UC-50  
- hänglåset för användning inom- och utomhus, och är skyddat mot vatten och damm  
- ingång för dörravkänning på DB-50  
- ingång för dörrövervakning på DIO-5084  
- ingång på centralapparat eller anslutningsenhet för det externa larmsystemet  
- installation i  
- installation i branddörrar  
- installation i manöverskåp  
- installation i nyckelbrytare  
- installation i nyckelfacksrör  
- installation i<br>branddörrar  
- kulturhistoriskt värdefulla dörrar där endast cylinderna kan bytas ut av bevarandeskäl  
- ledig ingång på DIO:n som ""Dörravkänning""  
- ledig ingång på en DIO-5084 som ""Låskolvsläge olåst""  
- montering på vanliga dörrar med godkända regellås av nordisk standard typ ASSA 8765, 410 eller DORMA 912,919 och behöver varken DB-50 eller annan elektronik för att ansluta till undercentral UC-50  
- montering på vanliga dörrar med godkända regellås av nordisk standardtyp ASSA 8765, 410 eller DORMA 912

och behöver varken DB-50 eller annan elektronik för att ansluta till undercentral UC-50  
- montering på vanliga dörrar med godkända regellås av nordisk standardtyp ASSA 8765, 410 eller DORMA 912
och behöver varken DB-50 eller annan elektronik för att ansluta till undercentral UC-50  
- nner- och ytterdörrar med höga säkerhetskrav som  
- nner- och ytterdörrar med höga säkerhetskrav som<br>utsätts för tuffa väderförhållanden  
- nner- och ytterdörrar med höga<br>säkerhetskrav som utsätts för tuffa<br>väderförhållanden  
- nnerdörrar med höga säkerhetskrav<br>som utsätts för tuffa väderförhållanden  
- nstallation i branddörrar  
- olika dörrmiljöer, till exempel garagedörrar  
- styrenheten   4 mm tjock glaspanel  <br>Händelselogg   Integrerat EAL5+-certifierat säkerhetselement  <br>ECDSA- och AES-kryptering  
- säkerhetsområden  
- utmärkt för alla typer av dörrar, kulturmärkta byggnader och dörrar med metallkarm  
- utmärkt för dörrar som avgränsar två områden  
- utomhus
- › Passar alla konventionella lås
- › Passar flerpunktslås
- › Drivs med vanliga CR2 batterier
- › 90 minuters brandskydd
- › ECDSA- och AES-kryptering för säker anslutning mellan komponenter

(_page_52_Picture_9  
- utomhus
- › Passar alla konventionella lås
- › Passar flerpunktslås
- › Drivs med vanliga CR2 batterier
- › 90 minuters brandskydd
- › ECDSA- och AES-kryptering för säker anslutning mellan komponenter
(_page_52_Picture_9  
- vanliga inner- och ytterdörrar med modullåshus av nordisk standard och behöver varken DB eller annan elektronik för att ansluta till undercentral UC-50  
- ytterdörrar med höga säkerhetskrav som<br>utsätts för tuffa väderförhållanden  
- ytterdörrar med höga säkerhetskrav<br>som utsätts för tuffa väderförhållanden  
","0.8","**IT-struktur i R-CARD M5**"
"-c ""**IT-struktur i R-CARD M5**""","# Kompatibilitetsinformation för IT-struktur i R-CARD M5

**Artikelnummer:** 15684  

### Passar till
- AirKey-cylindern även för befintliga dörrar i kulturminnesmärkta byggnader  
- Microsoft SQL Server 2012 och senare  
- aktivering av motordrivna lås  
- alla typer av dörrar, kulturmärkta byggnader och dörrar med metallkarm  
- alla typer av nödutgångar med patenterad funktion för återställning av låsfuntionen  
- alla vanliga
- dörrbladstjocklekar  › Monteringsvideor och
- monteringsanvisningar finns att tillgå

(_page_52_Picture_21  
- alla vanliga
- dörrbladstjocklekar  › Monteringsvideor och
- monteringsanvisningar finns att tillgå
(_page_52_Picture_21  
- användning både inom- och utomhus  
- att styra andra maskiner än Electrolux samt annan typ av utrustning där man vill förhindra att utrustningen kan nyttjas utan aktiverat pass  
- branddörrar  
- de tuffaste väderförhållandena  
- dörrar enligt<br>EN 179/1125 )  <br>SKG  
- dörrar med skandinaviska lås på insidan  
- dörrar med skandinaviska lås på utsidan  
- funktion och grafiskt gränssnitt beroende på användare som hanterar larmet  
- för aktivering av motordrivna lås  
- för användning både inom- och utomhus  
- för branddörrar  
- för installation i  
- för installation i branddörrar  
- för installation i manöverskåp  
- för installation i nyckelbrytare  
- för installation i nyckelfacksrör  
- för installation i<br>branddörrar  
- för montering på vanliga dörrar med godkända regellås av nordisk standard typ ASSA 8765, 410 eller DORMA 912,919 och behöver varken DB-50 eller annan elektronik för att ansluta till undercentral UC-50  
- för montering på vanliga dörrar med godkända regellås av nordisk standardtyp ASSA 8765, 410 eller DORMA 912

och behöver varken DB-50 eller annan elektronik för att ansluta till undercentral UC-50  
- för montering på vanliga dörrar med godkända regellås av nordisk standardtyp ASSA 8765, 410 eller DORMA 912
och behöver varken DB-50 eller annan elektronik för att ansluta till undercentral UC-50  
- hänglåset för användning inom- och utomhus, och är skyddat mot vatten och damm  
- ingång för dörravkänning på DB-50  
- ingång för dörrövervakning på DIO-5084  
- ingång på centralapparat eller anslutningsenhet för det externa larmsystemet  
- installation i  
- installation i branddörrar  
- installation i manöverskåp  
- installation i nyckelbrytare  
- installation i nyckelfacksrör  
- installation i<br>branddörrar  
- kulturhistoriskt värdefulla dörrar där endast cylinderna kan bytas ut av bevarandeskäl  
- ledig ingång på DIO:n som ""Dörravkänning""  
- ledig ingång på en DIO-5084 som ""Låskolvsläge olåst""  
- montering på vanliga dörrar med godkända regellås av nordisk standard typ ASSA 8765, 410 eller DORMA 912,919 och behöver varken DB-50 eller annan elektronik för att ansluta till undercentral UC-50  
- montering på vanliga dörrar med godkända regellås av nordisk standardtyp ASSA 8765, 410 eller DORMA 912

och behöver varken DB-50 eller annan elektronik för att ansluta till undercentral UC-50  
- montering på vanliga dörrar med godkända regellås av nordisk standardtyp ASSA 8765, 410 eller DORMA 912
och behöver varken DB-50 eller annan elektronik för att ansluta till undercentral UC-50  
- nner- och ytterdörrar med höga säkerhetskrav som  
- nner- och ytterdörrar med höga säkerhetskrav som<br>utsätts för tuffa väderförhållanden  
- nner- och ytterdörrar med höga<br>säkerhetskrav som utsätts för tuffa<br>väderförhållanden  
- nnerdörrar med höga säkerhetskrav<br>som utsätts för tuffa väderförhållanden  
- nstallation i branddörrar  
- olika dörrmiljöer, till exempel garagedörrar  
- styrenheten   4 mm tjock glaspanel  <br>Händelselogg   Integrerat EAL5+-certifierat säkerhetselement  <br>ECDSA- och AES-kryptering  
- säkerhetsområden  
- utmärkt för alla typer av dörrar, kulturmärkta byggnader och dörrar med metallkarm  
- utmärkt för dörrar som avgränsar två områden  
- utomhus
- › Passar alla konventionella lås
- › Passar flerpunktslås
- › Drivs med vanliga CR2 batterier
- › 90 minuters brandskydd
- › ECDSA- och AES-kryptering för säker anslutning mellan komponenter

(_page_52_Picture_9  
- utomhus
- › Passar alla konventionella lås
- › Passar flerpunktslås
- › Drivs med vanliga CR2 batterier
- › 90 minuters brandskydd
- › ECDSA- och AES-kryptering för säker anslutning mellan komponenter
(_page_52_Picture_9  
- vanliga inner- och ytterdörrar med modullåshus av nordisk standard och behöver varken DB eller annan elektronik för att ansluta till undercentral UC-50  
- ytterdörrar med höga säkerhetskrav som<br>utsätts för tuffa väderförhållanden  
- ytterdörrar med höga säkerhetskrav<br>som utsätts för tuffa väderförhållanden  
","0.7200000000000001","**IT-struktur i R-CARD M5**"
"-c 52230","# Kompatibilitetsinformation för 3.2 Synlig indikation av switchens drift (se Tabell 8).

**Artikelnummer:** 52230  

### Passar till
- löpande drift är den inte utrustad med en strömbrytare och därför måste ett lämpligt överbelastningsskydd tillämpas i strömförsörjningskretsen  
- oavbruten strömförsörjning av 4 IP-enheter  
","0.8","**3.2 Synlig indikation av switchens drift (se Tabell 8).**"
"-c ""**3.2 Synlig indikation av switchens drift (se Tabell 8).**""","# Kompatibilitetsinformation för 3.2 Synlig indikation av switchens drift (se Tabell 8).

**Artikelnummer:** 52230  

### Passar till
- löpande drift är den inte utrustad med en strömbrytare och därför måste ett lämpligt överbelastningsskydd tillämpas i strömförsörjningskretsen  
- oavbruten strömförsörjning av 4 IP-enheter  
","0.7200000000000001","**3.2 Synlig indikation av switchens drift (se Tabell 8).**"
"-c 3004850","# Kompatibilitetsinformation för Tabell1. (Se bild. 2)

**Artikelnummer:** 3004850  

### Passar till
- avbrottsfri strömförsörjning av 8 IP-enheter  
- löpande drift är den inte utrustad med en strömbrytare och därför måste ett lämpligt överbelastningsskydd tillämpas i strömförsörjningskretsen  
","0.8","**Tabell1. (Se bild. 2)**"
"-c ""**Tabell1. (Se bild. 2)**""","# Kompatibilitetsinformation för Tabell1. (Se bild. 2)

**Artikelnummer:** 3004850  

### Passar till
- avbrottsfri strömförsörjning av 8 IP-enheter  
- löpande drift är den inte utrustad med en strömbrytare och därför måste ett lämpligt överbelastningsskydd tillämpas i strömförsörjningskretsen  
","0.7200000000000001","**Tabell1. (Se bild. 2)**"
"-c 002404","# Kompatibilitetsinformation för Fire Module 4 Outputs

**Artikelnummer:** 002404  

### Passar till
- enheten innan montering sker  
- kortet i<br>samtliga batteribackuper FLX S, FLX M<br>och FLX L samt för 19 rack DIN module<br>holder, se nedan  
- med enheten innan montering sker  
- mekanisk är det inte säkert att det stödjs elektriskt  
- plint P3 + och P4 -  
- även i  
","0.8","Fire Module 4 Outputs"
"-c ""Fire Module 4 Outputs""","# Kompatibilitetsinformation för Fire Module 4 Outputs

**Artikelnummer:** 002404  

### Passar till
- enheten innan montering sker  
- kortet i<br>samtliga batteribackuper FLX S, FLX M<br>och FLX L samt för 19 rack DIN module<br>holder, se nedan  
- med enheten innan montering sker  
- mekanisk är det inte säkert att det stödjs elektriskt  
- plint P3 + och P4 -  
- även i  
","0.7200000000000001","Fire Module 4 Outputs"
"-c 10024","# Kompatibilitetsinformation för NEO FLX M Display

**Artikelnummer:** 10024  

### Passar till
- både AGM-batterier och litium LiFePO4-batterier  
","0.8","NEO FLX M Display"
"-c ""NEO FLX M Display""","# Kompatibilitetsinformation för NEO FLX M Display

**Artikelnummer:** 10024  

### Passar till
- både AGM-batterier och litium LiFePO4-batterier  
","0.7200000000000001","NEO FLX M Display"
"-c 5172451","# Kompatibilitetsinformation för Ungefärliga batteritider

**Artikelnummer:** 5172451  

### Passar till
- PoE-switchens batterianslutning 
# Ungefärliga batteritider
En dörrmiljö med läsarterminal med inaktivt elektriskt lås motsvarar normalt en last på mindre än 6W  
- batterianslutningen, koppla batterierna i serie med medföljande kablage  
","0.8","Ungefärliga batteritider"
"-c ""Ungefärliga batteritider""","# Kompatibilitetsinformation för Ungefärliga batteritider

**Artikelnummer:** 5172451  

### Passar till
- PoE-switchens batterianslutning 
# Ungefärliga batteritider
En dörrmiljö med läsarterminal med inaktivt elektriskt lås motsvarar normalt en last på mindre än 6W  
- batterianslutningen, koppla batterierna i serie med medföljande kablage  
","0.7200000000000001","Ungefärliga batteritider"
"-c 001001","# Kompatibilitetsinformation för Produkt 001001

**Artikelnummer:** 001001  

### Passar till
- PoE-switchens batterianslutning 

# Ungefärliga batteritider

En dörrmiljö med läsarterminal med inaktivt elektriskt lås motsvarar normalt en last på mindre än 6W  
- batterianslutningen, koppla batterierna i serie med medföljande kablage  
","0.8","Produkt 001001"
"-c 61000","# Kompatibilitetsinformation för Produkt 61000

**Artikelnummer:** 61000  
","0.72","Produkt 61000"
"-c 62040","# Kompatibilitetsinformation för SINUS UPS

**Artikelnummer:** 62040  

### Passar till
- NÖDLJUSSTYRNING

Tändfas saknas  
- NÖDLJUSSTYRNING
Tändfas saknas  
- fast installation  
","0.8","SINUS UPS"
"-c ""SINUS UPS""","# Kompatibilitetsinformation för SINUS UPS

**Artikelnummer:** 62040  

### Passar till
- NÖDLJUSSTYRNING

Tändfas saknas  
- NÖDLJUSSTYRNING
Tändfas saknas  
- fast installation  
","0.7200000000000001","SINUS UPS"
"-c 50464773","# Kompatibilitetsinformation för 7. ANSLUT TILL PRO3-KORT

**Artikelnummer:** 50464773  

### Passar till
- alla enheter i produktserien  
","0.8","7. ANSLUT TILL PRO3-KORT"
"-c ""7. ANSLUT TILL PRO3-KORT""","# Kompatibilitetsinformation för 7. ANSLUT TILL PRO3-KORT

**Artikelnummer:** 50464774  

### Passar till
- alla enheter i produktserien  
","0.7200000000000001","7. ANSLUT TILL PRO3-KORT"
"-c 50464774","# Kompatibilitetsinformation för 7. ANSLUT TILL PRO3-KORT

**Artikelnummer:** 50464774  

### Passar till
- alla enheter i produktserien  
","0.8","7. ANSLUT TILL PRO3-KORT"
"-c 50464883","# Kompatibilitetsinformation för SM40 0,5-10A STRÖMFÖRSÖRJNING MED PLATS FÖR BATTERIER

**Artikelnummer:** 50464883  
","0.72","SM40 0,5-10A STRÖMFÖRSÖRJNING MED PLATS FÖR BATTERIER"
"-c ""SM40 0,5-10A STRÖMFÖRSÖRJNING MED PLATS FÖR BATTERIER""","# Kompatibilitetsinformation för SM40 0,5-10A STRÖMFÖRSÖRJNING MED PLATS FÖR BATTERIER

**Artikelnummer:** 50464884  
","0.648","SM40 0,5-10A STRÖMFÖRSÖRJNING MED PLATS FÖR BATTERIER"
"-c 50464884","# Kompatibilitetsinformation för SM40 0,5-10A STRÖMFÖRSÖRJNING MED PLATS FÖR BATTERIER

**Artikelnummer:** 50464884  
","0.72","SM40 0,5-10A STRÖMFÖRSÖRJNING MED PLATS FÖR BATTERIER"
"-c 161207","# Kompatibilitetsinformation för USERMANUAL

**Artikelnummer:** 161207  

### Passar till
- att släcka bränder i exempelvis datarum, elektriska installationer, storkök etc  
- ditt bruksområde enligt informationen på brandsläckarens etikett  
- släckning av bränder i olika material såsom brandfarliga vätskor och kemikalier  
- till ditt bruksområde enligt informationen på brandsläckarens etikett  
","0.8","USERMANUAL"
"-c ""USERMANUAL""","# Kompatibilitetsinformation för USERMANUAL

**Artikelnummer:** 161207  

### Passar till
- att släcka bränder i exempelvis datarum, elektriska installationer, storkök etc  
- ditt bruksområde enligt informationen på brandsläckarens etikett  
- släckning av bränder i olika material såsom brandfarliga vätskor och kemikalier  
- till ditt bruksområde enligt informationen på brandsläckarens etikett  
","0.7200000000000001","USERMANUAL"
"-c 14406","# Kompatibilitetsinformation för HANDLING VED BRUK AV BRANNSLOKKEREN

**Artikelnummer:** 14406  

### Passar till
- ditt bruksområde enligt informationen på brandsläckarens etikett  
- till ditt bruksområde enligt informationen på brandsläckarens etikett  
","0.8","HANDLING VED BRUK AV BRANNSLOKKEREN"
"-c ""HANDLING VED BRUK AV BRANNSLOKKEREN""","# Kompatibilitetsinformation för HANDLING VED BRUK AV BRANNSLOKKEREN

**Artikelnummer:** 14406  

### Passar till
- ditt bruksområde enligt informationen på brandsläckarens etikett  
- till ditt bruksområde enligt informationen på brandsläckarens etikett  
","0.7200000000000001","HANDLING VED BRUK AV BRANNSLOKKEREN"
"-c 210705","# Kompatibilitetsinformation för Produkt 210705

**Artikelnummer:** 210705  

### Passar till
- ditt bruksområde enligt informationen på brandsläckarens etikett  
- till ditt bruksområde enligt informationen på brandsläckarens etikett  
","0.8","Produkt 210705"
"-c 817121","# Kompatibilitetsinformation för Produkt 817121

**Artikelnummer:** 817121  
","0.8","Produkt 817121"
"-c 40040","# Kompatibilitetsinformation för 2. ANVÄNDNINGSOMRÅDE

**Artikelnummer:** 40040  

### Passar till
- en matningsspänning och har en reläutgång som ansluts till larmslingan på vanligt sätt  
- ett och samma interface  
- valfri centralapparat  
","0.8","**2. ANVÄNDNINGSOMRÅDE**"
"-c ""**2. ANVÄNDNINGSOMRÅDE**""","# Kompatibilitetsinformation för 2. ANVÄNDNINGSOMRÅDE

**Artikelnummer:** 40040  

### Passar till
- en matningsspänning och har en reläutgång som ansluts till larmslingan på vanligt sätt  
- ett och samma interface  
- valfri centralapparat  
","0.7200000000000001","**2. ANVÄNDNINGSOMRÅDE**"
"-c 168434","# Kompatibilitetsinformation för Säkerhetsdatablad enligt rådets förordning (EG) nr 1907/2006

**Artikelnummer:** 168434  
","0.8","**Säkerhetsdatablad enligt rådets förordning (EG) nr 1907/2006**"
"-c ""**Säkerhetsdatablad enligt rådets förordning (EG) nr 1907/2006**""","# Kompatibilitetsinformation för Säkerhetsdatablad enligt rådets förordning (EG) nr 1907/2006

**Artikelnummer:** 168434  
","0.7200000000000001","**Säkerhetsdatablad enligt rådets förordning (EG) nr 1907/2006**"
"-c 1647200","# Kompatibilitetsinformation för LIMSATS GDK 100 (E-NR 1647200)

**Artikelnummer:** 1647200  
","0.8","**LIMSATS GDK 100 (E-NR 1647200)**"
"-c ""**LIMSATS GDK 100 (E-NR 1647200)**""","# Kompatibilitetsinformation för LIMSATS GDK 100 (E-NR 1647200)

**Artikelnummer:** 1647200  
","0.7200000000000001","**LIMSATS GDK 100 (E-NR 1647200)**"
"-c 50025666","# Kompatibilitetsinformation för Produkt 50025666

**Artikelnummer:** 50025666  

### Passar till
- all inredning  
- alla miljöer och användare

1X-systemets mångsidighet gynnar fastighetsägare och installatörer  
- alla miljöer och användare
1X-systemets mångsidighet gynnar fastighetsägare och installatörer  
- med all inredning  
","0.8","Produkt 50025666"
"-c 28010","# Kompatibilitetsinformation för Produkt 28010

**Artikelnummer:** 28010  

### Passar till
- att övervaka två sektioner som du ansluter med normalt öppna eller normalt slutna kontakter  
- kompatibla multiplexsystem, använder två multiplex sektionsadresser och övervakar upp till två separata sektioner  
","0.8","Produkt 28010"
"-c 0000281","# Kompatibilitetsinformation för Ett dokumenterat tryggt val

**Artikelnummer:** 0000281  

### Passar till
- dormakabas paniksortiment PHA och PHB
- Passar till dormkaba nödutrymningsplatta Exit pad
- Montering av PHM påverkar inte Exit pad / PHA / PHBs certifiering  
- en-, två- och trepunktslåsning
- Passar till dormakabas paniksortiment PHA och PHB
- Passar till dormkaba nödutrymningsplatta Exit pad
- Montering av PHM påverkar inte Exit pad / PHA / PHBs certifiering  
- till dormakabas paniksortiment PHA och PHB
- Passar till dormkaba nödutrymningsplatta Exit pad
- Montering av PHM påverkar inte Exit pad / PHA / PHBs certifiering  
","0.8","Ett dokumenterat tryggt val"
"-c ""Ett dokumenterat tryggt val""","# Kompatibilitetsinformation för Ett dokumenterat tryggt val

**Artikelnummer:** 0000281  

### Passar till
- dormakabas paniksortiment PHA och PHB
- Passar till dormkaba nödutrymningsplatta Exit pad
- Montering av PHM påverkar inte Exit pad / PHA / PHBs certifiering  
- en-, två- och trepunktslåsning
- Passar till dormakabas paniksortiment PHA och PHB
- Passar till dormkaba nödutrymningsplatta Exit pad
- Montering av PHM påverkar inte Exit pad / PHA / PHBs certifiering  
- till dormakabas paniksortiment PHA och PHB
- Passar till dormkaba nödutrymningsplatta Exit pad
- Montering av PHM påverkar inte Exit pad / PHA / PHBs certifiering  
","0.7200000000000001","Ett dokumenterat tryggt val"
"-c 415006","# Kompatibilitetsinformation för 1X-F-serien installationsmanualen

**Artikelnummer:** 415006  

### Passar till
- 110 V och 60 Hz eller 240 V och 50 Hz  
- att konfigurera kontrollpaneler att upprepa status för kontrollpaneler i nätverket med sektions-LED  
- att snabbt kunna konfigurera installationsalternativ som täcker de flesta applikationerna  
- installatörer för konfiguration av väldigt specifika applikationer där alla avancerade funktioner som finns tillgängliga på kontrollpanelen erfordras  
","0.8","1X-F-serien installationsmanualen"
"-c ""1X-F-serien installationsmanualen""","# Kompatibilitetsinformation för 1X-F-serien installationsmanualen

**Artikelnummer:** 415006  

### Passar till
- 110 V och 60 Hz eller 240 V och 50 Hz  
- att konfigurera kontrollpaneler att upprepa status för kontrollpaneler i nätverket med sektions-LED  
- att snabbt kunna konfigurera installationsalternativ som täcker de flesta applikationerna  
- installatörer för konfiguration av väldigt specifika applikationer där alla avancerade funktioner som finns tillgängliga på kontrollpanelen erfordras  
","0.7200000000000001","1X-F-serien installationsmanualen"
"-c 429200","# Kompatibilitetsinformation för *1.1 Nyheter och förbättringar*

**Artikelnummer:** 429200  

### Passar till
- Control Medi  
- Control Medi26  
- uttaget på sidan av Control Medi  
- uttaget på sidan av Control Medi Multi  
","0.8","*1.1 Nyheter och förbättringar*"
"-c ""*1.1 Nyheter och förbättringar*""","# Kompatibilitetsinformation för *1.1 Nyheter och förbättringar*

**Artikelnummer:** 429200  

### Passar till
- Control Medi  
- Control Medi26  
- uttaget på sidan av Control Medi  
- uttaget på sidan av Control Medi Multi  
","0.7200000000000001","*1.1 Nyheter och förbättringar*"
"-c 50026456","# Kompatibilitetsinformation för ASSA LCU9101

**Artikelnummer:** 50026456  
","0.72","ASSA LCU9101"
"-c ""ASSA LCU9101""","# Kompatibilitetsinformation för ASSA LCU9101

**Artikelnummer:** 50026456  
","0.648","ASSA LCU9101"
"-c 6332877","# Kompatibilitetsinformation för Produkt 6332877

**Artikelnummer:** 6332877  

### Passar till
- de flesta typer av säkerhetsinstallationer  
- drar reläet  
- till de flesta typer av säkerhetsinstallationer  
","0.8","Produkt 6332877"
"-c 50090682","# Kompatibilitetsinformation för Passiv IR-detektor BRAVO 6

**Artikelnummer:** 50090682  

### Passar till
- detektorn tänds lysdioden och indikerar att uppvärmning pågår  
","0.8","Passiv IR-detektor BRAVO 6"
"-c ""Passiv IR-detektor BRAVO 6""","# Kompatibilitetsinformation för Passiv IR-detektor BRAVO 6

**Artikelnummer:** 50090682  

### Passar till
- detektorn tänds lysdioden och indikerar att uppvärmning pågår  
","0.7200000000000001","Passiv IR-detektor BRAVO 6"
"-c 65002","# Kompatibilitetsinformation för Produkt 65002

**Artikelnummer:** 65002  
","0.72","Produkt 65002"
"-c 00275","# Kompatibilitetsinformation för AIRBORNE DC

**Artikelnummer:** 00275  

### Passar till
- larmsändaren  
","0.8","AIRBORNE DC"
"-c ""AIRBORNE DC""","# Kompatibilitetsinformation för AIRBORNE DC

**Artikelnummer:** 00275  

### Passar till
- larmsändaren  
","0.7200000000000001","AIRBORNE DC"
"-c 00293","# Kompatibilitetsinformation för AIRBORNE DC8

**Artikelnummer:** 00293  

### Passar till
- huvudkortet  
- larmsändaren  
- nya och befintliga anläggningar  
- till nya och befintliga anläggningar  
- traditionella telefonuppringare, larmgivare med relä och digitala signaler  
","0.8","AIRBORNE DC8"
"-c ""AIRBORNE DC8""","# Kompatibilitetsinformation för AIRBORNE DC8

**Artikelnummer:** 00293  

### Passar till
- huvudkortet  
- larmsändaren  
- nya och befintliga anläggningar  
- till nya och befintliga anläggningar  
- traditionella telefonuppringare, larmgivare med relä och digitala signaler  
","0.7200000000000001","AIRBORNE DC8"
"-c 50091858","# Kompatibilitetsinformation för Produkt 50091858

**Artikelnummer:** 50091858  

### Passar till
- J8 på antenndelen  
- bäst  
- centralen med partvinnad kabel, t  
- dörr med låscylinder och består av antenndel, läsardel och ellås  
- montering på dörrbladet  
","0.8","Produkt 50091858"
"-c 115200","# Kompatibilitetsinformation för INGÅNGAR OCH UTGÅNGAR

**Artikelnummer:** 115200  

### Passar till
- 2 dörrar, 4: Avsedd för 4 dörrar, 2+2: 2 porttelefondörrar och 2 läsardörrar  
- J5 och J6  
- bokningstavla Boka 1306 eller Boka 1316  
- den krypterade Aptus485 bussen,så är den bestyckad med ett interface-kort som innehåller anslutning för Aptus485-buss  
- porttelefon Ringa 1307 eller Ringa 1707  
","0.8","**INGÅNGAR OCH UTGÅNGAR**"
"-c ""**INGÅNGAR OCH UTGÅNGAR**""","# Kompatibilitetsinformation för INGÅNGAR OCH UTGÅNGAR

**Artikelnummer:** 115200  

### Passar till
- 2 dörrar, 4: Avsedd för 4 dörrar, 2+2: 2 porttelefondörrar och 2 läsardörrar  
- J5 och J6  
- bokningstavla Boka 1306 eller Boka 1316  
- den krypterade Aptus485 bussen,så är den bestyckad med ett interface-kort som innehåller anslutning för Aptus485-buss  
- porttelefon Ringa 1307 eller Ringa 1707  
","0.7200000000000001","**INGÅNGAR OCH UTGÅNGAR**"
"-c 50091865","# Kompatibilitetsinformation för Produkt 50091865

**Artikelnummer:** 50091865  

### Passar till
- bakstyckets genomföringshål  
- centralen med partvinnad kabel  
- till bakstyckets genomföringshål  
- utanpåliggande montage  
","0.8","Produkt 50091865"
"-c 50093109","# Kompatibilitetsinformation för ASSA PCR45

**Artikelnummer:** 50093109  

### Passar till
- LCU9016, LCU9017

### Övrigt

- Lästeknologi Mifare sektor
- Har inbyggd sabotagekontakt
- Låsbar kapsling

#### Artikelnummer

- S556 545 085 E58 761 68 Vit
- S556 545 084 E58 761 67 Svart
- S556 545 086 E58 761 99 Silver
- 

#### www  
- LCU9016, LCU9017
### Övrigt
- Lästeknologi Mifare sektor
- Har inbyggd sabotagekontakt
- Låsbar kapsling
#### Artikelnummer
- S556 545 085 E58 761 68 Vit
- S556 545 084 E58 761 67 Svart
- S556 545 086 E58 761 99 Silver
-
#### www  
","0.8","ASSA PCR45"
"-c ""ASSA PCR45""","# Kompatibilitetsinformation för ASSA PCR45

**Artikelnummer:** 50093109  

### Passar till
- LCU9016, LCU9017

### Övrigt

- Lästeknologi Mifare sektor
- Har inbyggd sabotagekontakt
- Låsbar kapsling

#### Artikelnummer

- S556 545 085 E58 761 68 Vit
- S556 545 084 E58 761 67 Svart
- S556 545 086 E58 761 99 Silver
- 

#### www  
- LCU9016, LCU9017
### Övrigt
- Lästeknologi Mifare sektor
- Har inbyggd sabotagekontakt
- Låsbar kapsling
#### Artikelnummer
- S556 545 085 E58 761 68 Vit
- S556 545 084 E58 761 67 Svart
- S556 545 086 E58 761 99 Silver
-
#### www  
","0.7200000000000001","ASSA PCR45"
"-c 50093111","# Kompatibilitetsinformation för ASSA PCR45 Kompakt Mifareläsare med knappsats

**Artikelnummer:** 50093111  

### Passar till
- LCU9016, LCU9017

#### Övrigt

- • Lästeknologi Mifare sektor
- • Har inbyggd sabotagekontakt
- • Låsbar kapsling

## Artikelnummer

- • S556 545 085 E58 761 68 Vit
- • S556 545 084 E58 761 67 Svart
- • S556 545 086 E58 761 99 Silver  
- LCU9016, LCU9017
#### Övrigt
- • Lästeknologi Mifare sektor
- • Har inbyggd sabotagekontakt
- • Låsbar kapsling
## Artikelnummer
- • S556 545 085 E58 761 68 Vit
- • S556 545 084 E58 761 67 Svart
- • S556 545 086 E58 761 99 Silver  
","0.8","ASSA PCR45 Kompakt Mifareläsare med knappsats"
"-c ""ASSA PCR45 Kompakt Mifareläsare med knappsats""","# Kompatibilitetsinformation för ASSA PCR45 Kompakt Mifareläsare med knappsats

**Artikelnummer:** 50093111  

### Passar till
- LCU9016, LCU9017

#### Övrigt

- • Lästeknologi Mifare sektor
- • Har inbyggd sabotagekontakt
- • Låsbar kapsling

## Artikelnummer

- • S556 545 085 E58 761 68 Vit
- • S556 545 084 E58 761 67 Svart
- • S556 545 086 E58 761 99 Silver  
- LCU9016, LCU9017
#### Övrigt
- • Lästeknologi Mifare sektor
- • Har inbyggd sabotagekontakt
- • Låsbar kapsling
## Artikelnummer
- • S556 545 085 E58 761 68 Vit
- • S556 545 084 E58 761 67 Svart
- • S556 545 086 E58 761 99 Silver  
","0.7200000000000001","ASSA PCR45 Kompakt Mifareläsare med knappsats"
"-c 50097839","# Kompatibilitetsinformation för Passiv IR-detektor OPTEX SX-360Z

**Artikelnummer:** 50097839  

### Passar till
- eller från med ""LED"" brytaren på detektorn  
- minus  är lysdioden inkopplad  
","0.8","Passiv IR-detektor OPTEX SX-360Z"
"-c ""Passiv IR-detektor OPTEX SX-360Z""","# Kompatibilitetsinformation för Passiv IR-detektor OPTEX SX-360Z

**Artikelnummer:** 50097839  

### Passar till
- eller från med ""LED"" brytaren på detektorn  
- minus  är lysdioden inkopplad  
","0.7200000000000001","Passiv IR-detektor OPTEX SX-360Z"
"-c 00309","# Kompatibilitetsinformation för AIRBORNE DC DUAL

**Artikelnummer:** 00309  

### Passar till
- larmsändaren  
- två oberoende kommunikationsvägar  
","0.8","AIRBORNE DC DUAL"
"-c ""AIRBORNE DC DUAL""","# Kompatibilitetsinformation för AIRBORNE DC DUAL

**Artikelnummer:** 00309  

### Passar till
- larmsändaren  
- två oberoende kommunikationsvägar  
","0.7200000000000001","AIRBORNE DC DUAL"
"-c 50100910","# Kompatibilitetsinformation för www.aptus.se

**Artikelnummer:** 50100910  
","0.72","**www.aptus.se**"
"-c ""**www.aptus.se**""","# Kompatibilitetsinformation för www.aptus.se

**Artikelnummer:** 50100910  
","0.648","**www.aptus.se**"
"-c 18662","# Kompatibilitetsinformation för Produkt 18662

**Artikelnummer:** 18662  

### Passar till
- olika ringsignaler hos dörrklockan som dörrsignal eller larmsignal  
- samtliga sändare i System Nexa  
- självlärande kodsändare, till exempel tryckknappsenheten LMLT-711 eller rörelsedetektorn LMDT-609/LMDT-810/MDT-507 och magnetgivaren LMST-606 som larmsystem  
","0.8","Produkt 18662"
"-c 000000","# Kompatibilitetsinformation för 3 Programmeringsmetoder

**Artikelnummer:** 000000  

### Passar till
- att aktivera sirenen, öppna/stänga garagedörrar och mycket mera  
- centralens sektionsingångsterminaler  
- säkerhetssystemet  
","0.8","**3 Programmeringsmetoder**"
"-c ""**3 Programmeringsmetoder**""","# Kompatibilitetsinformation för 3 Programmeringsmetoder

**Artikelnummer:** 000000  

### Passar till
- att aktivera sirenen, öppna/stänga garagedörrar och mycket mera  
- centralens sektionsingångsterminaler  
- säkerhetssystemet  
","0.7200000000000001","**3 Programmeringsmetoder**"
"-c 113018","# Kompatibilitetsinformation för AMAX panel 4000

**Artikelnummer:** 113018  

### Passar till
- användning i hemmiljö och på små till medelstora företag  
- branddetektorer med fyra ledare
- Alla sektioner kan användas för signalläge 
- Alla sektioner kan användas för att upptäcka sensorsabotage 
- Sektioner kan förbikopplas av namn
- Testläge för utgångar och sektioner

## Tillvalsfunktioner

- Trådlösa enheter  RADION från Bosch
- Sektionsingångar på expansionsmoduler 
- Reläutgångar på expansionsmoduler 
- Anslut utomhussirener och IP-kameror till en tillvalsmodul med 8 reläer 
- Programmeringsnyckel

## Larmöverföring som tillval

- IP-kommunikation med Bosch Conettix IP, SIA DC09 UDP och SIA DC 09 TCP-protokoll via B426 och B450 med B442- eller B443-moduler
- GPRS-kommunikation med Bosch Conettix IP, GPRS SIA DC09 och SIA DC 09 TCP-protokoll via B450 med B442- eller B443-moduler

#### Fjärrprogrammering som tillval via A-Link Plus

- IP-kommunikation 
- GPRS-kommunikation 

## Videolarmsverifiering som tillval

Extra videolarmsverifiering är möjlig i kombination med en DX3010 8-relämodul och en IP-kamera med analog larmingång och en reläutgång  
- branddetektorer med fyra ledare
- Alla sektioner kan användas för signalläge 
- Alla sektioner kan användas för att upptäcka sensorsabotage 
- Sektioner kan förbikopplas av namn
- Testläge för utgångar och sektioner
## Tillvalsfunktioner
- Trådlösa enheter  RADION från Bosch
- Sektionsingångar på expansionsmoduler 
- Reläutgångar på expansionsmoduler 
- Anslut utomhussirener och IP-kameror till en tillvalsmodul med 8 reläer 
- Programmeringsnyckel
## Larmöverföring som tillval
- IP-kommunikation med Bosch Conettix IP, SIA DC09 UDP och SIA DC 09 TCP-protokoll via B426 och B450 med B442- eller B443-moduler
- GPRS-kommunikation med Bosch Conettix IP, GPRS SIA DC09 och SIA DC 09 TCP-protokoll via B450 med B442- eller B443-moduler
#### Fjärrprogrammering som tillval via A-Link Plus
- IP-kommunikation 
- GPRS-kommunikation 
## Videolarmsverifiering som tillval
Extra videolarmsverifiering är möjlig i kombination med en DX3010 8-relämodul och en IP-kamera med analog larmingång och en reläutgång  
- både RADION trådlös kringutrustning som använder frekvensen 433 Mhz och fast anslutna detektorer från Bosch  
","0.8","AMAX panel 4000"
"-c ""AMAX panel 4000""","# Kompatibilitetsinformation för AMAX panel 4000

**Artikelnummer:** 113018  

### Passar till
- användning i hemmiljö och på små till medelstora företag  
- branddetektorer med fyra ledare
- Alla sektioner kan användas för signalläge 
- Alla sektioner kan användas för att upptäcka sensorsabotage 
- Sektioner kan förbikopplas av namn
- Testläge för utgångar och sektioner

## Tillvalsfunktioner

- Trådlösa enheter  RADION från Bosch
- Sektionsingångar på expansionsmoduler 
- Reläutgångar på expansionsmoduler 
- Anslut utomhussirener och IP-kameror till en tillvalsmodul med 8 reläer 
- Programmeringsnyckel

## Larmöverföring som tillval

- IP-kommunikation med Bosch Conettix IP, SIA DC09 UDP och SIA DC 09 TCP-protokoll via B426 och B450 med B442- eller B443-moduler
- GPRS-kommunikation med Bosch Conettix IP, GPRS SIA DC09 och SIA DC 09 TCP-protokoll via B450 med B442- eller B443-moduler

#### Fjärrprogrammering som tillval via A-Link Plus

- IP-kommunikation 
- GPRS-kommunikation 

## Videolarmsverifiering som tillval

Extra videolarmsverifiering är möjlig i kombination med en DX3010 8-relämodul och en IP-kamera med analog larmingång och en reläutgång  
- branddetektorer med fyra ledare
- Alla sektioner kan användas för signalläge 
- Alla sektioner kan användas för att upptäcka sensorsabotage 
- Sektioner kan förbikopplas av namn
- Testläge för utgångar och sektioner
## Tillvalsfunktioner
- Trådlösa enheter  RADION från Bosch
- Sektionsingångar på expansionsmoduler 
- Reläutgångar på expansionsmoduler 
- Anslut utomhussirener och IP-kameror till en tillvalsmodul med 8 reläer 
- Programmeringsnyckel
## Larmöverföring som tillval
- IP-kommunikation med Bosch Conettix IP, SIA DC09 UDP och SIA DC 09 TCP-protokoll via B426 och B450 med B442- eller B443-moduler
- GPRS-kommunikation med Bosch Conettix IP, GPRS SIA DC09 och SIA DC 09 TCP-protokoll via B450 med B442- eller B443-moduler
#### Fjärrprogrammering som tillval via A-Link Plus
- IP-kommunikation 
- GPRS-kommunikation 
## Videolarmsverifiering som tillval
Extra videolarmsverifiering är möjlig i kombination med en DX3010 8-relämodul och en IP-kamera med analog larmingång och en reläutgång  
- både RADION trådlös kringutrustning som använder frekvensen 433 Mhz och fast anslutna detektorer från Bosch  
","0.7200000000000001","AMAX panel 4000"
"-c 50108134","# Kompatibilitetsinformation för TEKNISKA DATA

**Artikelnummer:** 50108134  

### Passar till
- plint 3 på VD 400  
","0.8","**TEKNISKA DATA**"
"-c ""**TEKNISKA DATA**""","# Kompatibilitetsinformation för TEKNISKA DATA

**Artikelnummer:** 50108134  

### Passar till
- plint 3 på VD 400  
","0.7200000000000001","**TEKNISKA DATA**"
"-c 934749","# Kompatibilitetsinformation för SMARTair System

**Artikelnummer:** 934749  

### Passar till
- andra utsidor/insidor  
- både vänster/höger dörrar  
- de flesta av ASSAs fallhakregel- och fallregellås  
- dörrar i fuktiga miljöer eller utomhus  
- inomhusbruk  
- invändiga dörrar, 0-65 ºC  
- läsaren och auktoriseringsnyckeln måste sitta i Programmeringsenheten  
","0.8","SMARTair System"
"-c ""SMARTair System""","# Kompatibilitetsinformation för SMARTair System

**Artikelnummer:** 934749  

### Passar till
- andra utsidor/insidor  
- både vänster/höger dörrar  
- de flesta av ASSAs fallhakregel- och fallregellås  
- dörrar i fuktiga miljöer eller utomhus  
- inomhusbruk  
- invändiga dörrar, 0-65 ºC  
- läsaren och auktoriseringsnyckeln måste sitta i Programmeringsenheten  
","0.7200000000000001","SMARTair System"
"-c 50111647","# Kompatibilitetsinformation för ASSA motorlås – smalprofil 841C-35, 851C-35

**Artikelnummer:** 50111647  

### Passar till
- bra som natt- och säkerhetslåsning i dörrar med höga säkerhetskrav inom handel, kontor och industri  
- en DAC564 eller till en DAC530  
- spänningsmatning
- Ska installeras inomhus på den skyddade sidan av dörren inom 10 m från motorlåset
- Om DAC564/DAC530 integreras med ARX passersystem skapas en totalintegrerad lösning med stor flexibilitet

(_page_0_Picture_29  
- spänningsmatning
- Ska installeras inomhus på den skyddade sidan av dörren inom 10 m från motorlåset
- Om DAC564/DAC530 integreras med ARX passersystem skapas en totalintegrerad lösning med stor flexibilitet
(_page_0_Picture_29  
","0.8","ASSA motorlås – smalprofil 841C-35, 851C-35"
"-c ""ASSA motorlås – smalprofil 841C-35, 851C-35""","# Kompatibilitetsinformation för ASSA motorlås – smalprofil 841C-35, 851C-35

**Artikelnummer:** 62549688  

### Passar till
- bra som natt- och säkerhetslåsning i dörrar med höga säkerhetskrav inom handel, kontor och industri  
- en DAC564 eller till en DAC530  
- inomhusbruk  
- karm/dörrblad  
- spänningsmatning
- Ska installeras inomhus på den skyddade sidan av dörren inom 10 m från motorlåset
- Om DAC564/DAC530 integreras med ARX passersystem skapas en totalintegrerad lösning med stor flexibilitet

(_page_0_Picture_29  
- spänningsmatning
- Ska installeras inomhus på den skyddade sidan av dörren inom 10 m från motorlåset
- Om DAC564/DAC530 integreras med ARX passersystem skapas en totalintegrerad lösning med stor flexibilitet
(_page_0_Picture_29  
- valfritt passer och säkerhetssystem där relevanta in och utgångsfunktioner finns  
","0.7200000000000001","ASSA motorlås – smalprofil 841C-35, 851C-35"
"-c 14846","# Kompatibilitetsinformation för ASSA motorlås 840C-50, 841C-50

**Artikelnummer:** 14846  

### Passar till
- 813C,815C  
- 813C,815C<br>820C,825C,835C  
- 813C,815C<br>Om I/0 Box350  
- R245/15/15 innebär att slutblecket passar ett regel- eller fallregellås, har 15 mm plösmått och är ett vinkelslutbleck med 15 mm vinkel  
- anslutningscentralen  
- bra som natt- och säkerhetslåsning i dörrar med höga säkerhetskrav inom handel, kontor och industri  
- både höger- och vänsterhängd dörr  
- de flesta godkända regel-, hakregel- och fallregellås  
- dörrautomatik måste funktionen öppningsfördröjning finnas och användas i dörrautomatiken  
- en DAC564 alternativt DAC530  
- ett regel- eller fallregellås, har 15 mm plösmått och är ett vinkelslutbleck med 15 mm vinkel  
- fallregellås, har 15 mm plösmått och är ett vinkelslutbleck med 15 mm vinkel  
- inkommande plintrad, märkt IN, i Doskortet  
- plint 1 = + 24V DC stabiliserad och

Ansluts till plint 1 = + 24V DC stabiliserad och

Öppnasignal med slutning 

DC stabiliserad och filtrerad likspänning  
- plint 1 = + 24V DC stabiliserad och filtrerad likspänning Ansluts till plint 1 = + 24V DC stabiliserad och filtrerad likspänning Ansluts till plint 2 = 0V

Ansluts till plint 2 = 0V Obs! *stabiliserad likspänning  
- plint 1 och 5  
- plint 2 = 0V

filtrerad likspänning Ansluts till plint 2 = 0V

Obs!

Obs!

plint 2 och 4  
- plint 6 och 7  
- samtliga<br>av våra<br>monteringsstolpar  
- skyddsjord  
- slutbleck 1487-x
-
-
- SS3522, utg  
- slutbleck 1487-x
- 
- 
- SS3522, utg  
- slutbleck 1487-x
- Certifierad enl  
- spänningsmatning
- Ska installeras inomhus på den skyddade sidan av dörren inom 10 m från motorlåset
- Om DAC564/DAC530 integreras med ARX passersystem skapas en totalintegrerad lösning med stor flexibilitet

# ASSA motorlås 840C-50, 841C-50

## Elektromekanisk låsning

(_page_1_Picture_2  
- spänningsmatning
- Ska installeras inomhus på den skyddade sidan av dörren inom 10 m från motorlåset
- Om DAC564/DAC530 integreras med ARX passersystem skapas en totalintegrerad lösning med stor flexibilitet

# ASSA motorlås 840C-50, 841C-50
## Elektromekanisk låsning
(_page_1_Picture_2  
- spänningsmatning
- Ska installeras inomhus på den skyddade sidan av dörren inom 10 m från motorlåset
- Om DAC564/DAC530 integreras med ARX passersystem skapas en totalintegrerad lösning med stor flexibilitet

# ASSA motorlås 850C-50, 851C-50

# Elektromekanisk låsning

(_page_1_Picture_2  
- spänningsmatning
- Ska installeras inomhus på den skyddade sidan av dörren inom 10 m från motorlåset
- Om DAC564/DAC530 integreras med ARX passersystem skapas en totalintegrerad lösning med stor flexibilitet

# ASSA motorlås 850C-50, 851C-50

## Elektromekanisk låsning

(_page_1_Picture_2  
- spänningsmatning
- Ska installeras inomhus på den skyddade sidan av dörren inom 10 m från motorlåset
- Om DAC564/DAC530 integreras med ARX passersystem skapas en totalintegrerad lösning med stor flexibilitet

# ASSA motorlås 850C-50, 851C-50
# Elektromekanisk låsning
(_page_1_Picture_2  
- spänningsmatning
- Ska installeras inomhus på den skyddade sidan av dörren inom 10 m från motorlåset
- Om DAC564/DAC530 integreras med ARX passersystem skapas en totalintegrerad lösning med stor flexibilitet

# ASSA motorlås 850C-50, 851C-50
## Elektromekanisk låsning
(_page_1_Picture_2  
- så väl vänster- som höger-

Om V eller H saknas i artikelnumret betyder det att slutblecket är vändbart och passar så väl vänster- som höger-

är vändbart och passar både vänster-

är vändbart och passar både vänster-

Plösmått

Plösmått

Total längd

Total längd

Anger slutbleckets plösmått i mm  
- till 813C,815C  
- till 813C,815C<br>820C,825C,835C  
- till 813C,815C<br>Om I/0 Box350  
- utgående plintrad, märkt OUT, med lämplig kabel  
","1.0","ASSA motorlås 840C-50, 841C-50"
"-c ""ASSA motorlås 840C-50, 841C-50""","# Kompatibilitetsinformation för ASSA motorlås 840C-50, 841C-50

**Artikelnummer:** 14846  

### Passar till
- 813C,815C  
- 813C,815C<br>820C,825C,835C  
- 813C,815C<br>Om I/0 Box350  
- R245/15/15 innebär att slutblecket passar ett regel- eller fallregellås, har 15 mm plösmått och är ett vinkelslutbleck med 15 mm vinkel  
- anslutningscentralen  
- bra som natt- och säkerhetslåsning i dörrar med höga säkerhetskrav inom handel, kontor och industri  
- både höger- och vänsterhängd dörr  
- de flesta godkända regel-, hakregel- och fallregellås  
- dörrautomatik måste funktionen öppningsfördröjning finnas och användas i dörrautomatiken  
- en DAC564 alternativt DAC530  
- ett regel- eller fallregellås, har 15 mm plösmått och är ett vinkelslutbleck med 15 mm vinkel  
- fallregellås, har 15 mm plösmått och är ett vinkelslutbleck med 15 mm vinkel  
- inkommande plintrad, märkt IN, i Doskortet  
- plint 1 = + 24V DC stabiliserad och

Ansluts till plint 1 = + 24V DC stabiliserad och

Öppnasignal med slutning 

DC stabiliserad och filtrerad likspänning  
- plint 1 = + 24V DC stabiliserad och filtrerad likspänning Ansluts till plint 1 = + 24V DC stabiliserad och filtrerad likspänning Ansluts till plint 2 = 0V

Ansluts till plint 2 = 0V Obs! *stabiliserad likspänning  
- plint 1 och 5  
- plint 2 = 0V

filtrerad likspänning Ansluts till plint 2 = 0V

Obs!

Obs!

plint 2 och 4  
- plint 6 och 7  
- samtliga<br>av våra<br>monteringsstolpar  
- skyddsjord  
- slutbleck 1487-x
-
-
- SS3522, utg  
- slutbleck 1487-x
- 
- 
- SS3522, utg  
- slutbleck 1487-x
- Certifierad enl  
- spänningsmatning
- Ska installeras inomhus på den skyddade sidan av dörren inom 10 m från motorlåset
- Om DAC564/DAC530 integreras med ARX passersystem skapas en totalintegrerad lösning med stor flexibilitet

# ASSA motorlås 840C-50, 841C-50

## Elektromekanisk låsning

(_page_1_Picture_2  
- spänningsmatning
- Ska installeras inomhus på den skyddade sidan av dörren inom 10 m från motorlåset
- Om DAC564/DAC530 integreras med ARX passersystem skapas en totalintegrerad lösning med stor flexibilitet

# ASSA motorlås 840C-50, 841C-50
## Elektromekanisk låsning
(_page_1_Picture_2  
- spänningsmatning
- Ska installeras inomhus på den skyddade sidan av dörren inom 10 m från motorlåset
- Om DAC564/DAC530 integreras med ARX passersystem skapas en totalintegrerad lösning med stor flexibilitet

# ASSA motorlås 850C-50, 851C-50

# Elektromekanisk låsning

(_page_1_Picture_2  
- spänningsmatning
- Ska installeras inomhus på den skyddade sidan av dörren inom 10 m från motorlåset
- Om DAC564/DAC530 integreras med ARX passersystem skapas en totalintegrerad lösning med stor flexibilitet

# ASSA motorlås 850C-50, 851C-50

## Elektromekanisk låsning

(_page_1_Picture_2  
- spänningsmatning
- Ska installeras inomhus på den skyddade sidan av dörren inom 10 m från motorlåset
- Om DAC564/DAC530 integreras med ARX passersystem skapas en totalintegrerad lösning med stor flexibilitet

# ASSA motorlås 850C-50, 851C-50
# Elektromekanisk låsning
(_page_1_Picture_2  
- spänningsmatning
- Ska installeras inomhus på den skyddade sidan av dörren inom 10 m från motorlåset
- Om DAC564/DAC530 integreras med ARX passersystem skapas en totalintegrerad lösning med stor flexibilitet

# ASSA motorlås 850C-50, 851C-50
## Elektromekanisk låsning
(_page_1_Picture_2  
- så väl vänster- som höger-

Om V eller H saknas i artikelnumret betyder det att slutblecket är vändbart och passar så väl vänster- som höger-

är vändbart och passar både vänster-

är vändbart och passar både vänster-

Plösmått

Plösmått

Total längd

Total längd

Anger slutbleckets plösmått i mm  
- till 813C,815C  
- till 813C,815C<br>820C,825C,835C  
- till 813C,815C<br>Om I/0 Box350  
- utgående plintrad, märkt OUT, med lämplig kabel  
","0.9","ASSA motorlås 840C-50, 841C-50"
"-c 50111706","# Kompatibilitetsinformation för Produkt 50111706

**Artikelnummer:** 50111706  

### Passar till
- bra både för företaget och hemmet
- All mekanik på insidan för högre säkerhet
- Flera olika modeller för alla behov

(_page_3_Picture_24  
- bra både för företaget och hemmet
- All mekanik på insidan för högre säkerhet
- Flera olika modeller för alla behov
(_page_3_Picture_24  
- både inner- och ytterdörrar och är mycket enkelt att montera på exempelvis kontorsdörrar, datarum, arkiv och lager  
- enkla inner- och ytterdörrar och är helt utan cylinder och vred  
- exempelvis butiker men kan även sitta på entrédörrar eftersom man kan låsa säkert med cylinder och på så sätt uppnå högre säkerhet  
- för både inner- och ytterdörrar och är mycket enkelt att montera på exempelvis kontorsdörrar, datarum, arkiv och lager  
- för exempelvis butiker men kan även sitta på entrédörrar eftersom man kan låsa säkert med cylinder och på så sätt uppnå högre säkerhet  
","0.8","Produkt 50111706"
"-c 20180025","# Kompatibilitetsinformation för Produkt 20180025

**Artikelnummer:** 20180025  

### Passar till
- dörrar med modul / Connect lås  
","0.8","Produkt 20180025"
"-c 20180045","# Kompatibilitetsinformation för Produkt 20180045

**Artikelnummer:** 20180045  

### Passar till
- dörrar med modul / Connect lås  
","0.8","Produkt 20180045"
"-c 50113948","# Kompatibilitetsinformation för 11 Extra funktioner

**Artikelnummer:** 50113948  

### Passar till
- den trådlösa knappsatsen urkopplas batterisparläget automatiskt  
","0.8","**11 Extra funktioner**"
"-c ""**11 Extra funktioner**""","# Kompatibilitetsinformation för 11 Extra funktioner

**Artikelnummer:** 50113948  

### Passar till
- den trådlösa knappsatsen urkopplas batterisparläget automatiskt  
","0.7200000000000001","**11 Extra funktioner**"
"-c 090915","# Kompatibilitetsinformation för Produkt 090915

**Artikelnummer:** 090915  

### Passar till
- den trådlösa knappsatsen urkopplas batterisparläget automatiskt  
","0.8","Produkt 090915"
"-c 58300","# Kompatibilitetsinformation för ABUS

**Artikelnummer:** 58300  

### Passar till
- att låsa bland annat maskiner, ventiler, stickkontakter och strömbrytare på ett sådant sätt att de inte kan manövreras vid t  
- enskilda lås, nycklar som passar till grupper av lås och en generalhuvudnyckel  
- nte fi nns till hands  
- till enskilda lås, nycklar som passar till grupper av lås och en generalhuvudnyckel  
","0.8","**ABUS**"
"-c ""**ABUS**""","# Kompatibilitetsinformation för ABUS

**Artikelnummer:** 58300  

### Passar till
- att låsa bland annat maskiner, ventiler, stickkontakter och strömbrytare på ett sådant sätt att de inte kan manövreras vid t  
- enskilda lås, nycklar som passar till grupper av lås och en generalhuvudnyckel  
- nte fi nns till hands  
- till enskilda lås, nycklar som passar till grupper av lås och en generalhuvudnyckel  
","0.7200000000000001","**ABUS**"
"-c 50119248","# Kompatibilitetsinformation för Produkt 50119248

**Artikelnummer:** 50119248  

### Passar till
- utanpåliggande montage  
- varje interface  
","0.8","Produkt 50119248"
"-c 50126336","# Kompatibilitetsinformation för ASSA Pando™ Display

**Artikelnummer:** 50126336  

### Passar till
- ASSAs säkerhetsystem ASSA ARX  
- Hi-O fungerar den både som läsare och manöverpanel och vid anslutning via SIO som manöverpanel  
","0.8","ASSA Pando™ Display"
"-c ""ASSA Pando™ Display""","# Kompatibilitetsinformation för ASSA Pando™ Display

**Artikelnummer:** 50126336  

### Passar till
- ASSAs säkerhetsystem ASSA ARX  
- Hi-O fungerar den både som läsare och manöverpanel och vid anslutning via SIO som manöverpanel  
","0.7200000000000001","ASSA Pando™ Display"
"-c 14443","# Kompatibilitetsinformation för Produkt 14443

**Artikelnummer:** 14443  

### Passar till
- den monterade bottenplattan innan läsardelen sätts på plats  
- lika bra ute som inne  
","0.8","Produkt 14443"
"-c 50218400","# Kompatibilitetsinformation för 10.1. Functional Checks

**Artikelnummer:** 50218400  
","0.8","**10.1. Functional Checks**"
"-c ""**10.1. Functional Checks**""","# Kompatibilitetsinformation för 10.1. Functional Checks

**Artikelnummer:** 50218400  
","0.7200000000000001","**10.1. Functional Checks**"
"-c 55022","# Kompatibilitetsinformation för 2 Direktiv och standarder

**Artikelnummer:** 55022  

### Passar till
- standardprotokollet för SMS-telefoner  
","0.8","2 Direktiv och standarder"
"-c ""2 Direktiv och standarder""","# Kompatibilitetsinformation för 2 Direktiv och standarder

**Artikelnummer:** 55022  

### Passar till
- standardprotokollet för SMS-telefoner  
","0.7200000000000001","2 Direktiv och standarder"
"-c 10271030","# Kompatibilitetsinformation för Produkt 10271030

**Artikelnummer:** 10271030  

### Passar till
- standardprotokollet för SMS-telefoner  
","0.8","Produkt 10271030"
"-c 50130115","# Kompatibilitetsinformation för Produkt 50130115

**Artikelnummer:** 50130115  

### Passar till
- COMM1 på SPCP355 Smart<br>PSU , ström- och dataanslutning, med en direktkabel  
- X-bussen  flyttas den tilldelade sektionen från tvådörrscentralen till nästa lediga sektionsnummer  
- X-bussen , flyttas den tilldelade sektionen från tvådörrscentralen till nästa lediga sektionsnummer  
- bygeln för användning av 17 Ah-batteri och ta bort för 7 Ah<br>batteri  
- denna 2-stiftsanslutning via en<br>transformator som finns i SPC inkapsling  
- dessa<br>godkända centraler  
- en dator via en standard USB-kabel typ A eller typ B  
- n korrekt i hålen på uttaget och tryck det på plats försiktigt men säkert  
- punkt 32, ström- och<br>dataanslutning enligt bilden ovan, med en direktkabel  
- standardprotokollet för SMS-telefoner  
","1.0","Produkt 50130115"
"-c 10223041","# Kompatibilitetsinformation för Produkt 10223041

**Artikelnummer:** 10223041  

### Passar till
- standardprotokollet för SMS-telefoner  
","0.8","Produkt 10223041"
"-c 153501","# Kompatibilitetsinformation för 2.2 Märkningsuppgifter

**Artikelnummer:** 153501  
","0.8","**2.2 Märkningsuppgifter**"
"-c ""**2.2 Märkningsuppgifter**""","# Kompatibilitetsinformation för 2.2 Märkningsuppgifter

**Artikelnummer:** 153501  
","0.7200000000000001","**2.2 Märkningsuppgifter**"
"-c 50130493","# Kompatibilitetsinformation för 11 Innemiljö

**Artikelnummer:** 50130493  
","0.72","**11 Innemiljö**"
"-c ""**11 Innemiljö**""","# Kompatibilitetsinformation för 11 Innemiljö

**Artikelnummer:** 50130493  
","0.648","**11 Innemiljö**"
"-c 556477","# Kompatibilitetsinformation för Produkt 556477

**Artikelnummer:** 556477  
","0.72","Produkt 556477"
"-c 20031","# Kompatibilitetsinformation för Inkoppling skruvplint:

**Artikelnummer:** 20031  
","0.72","**Inkoppling skruvplint:**"
"-c ""**Inkoppling skruvplint:**""","# Kompatibilitetsinformation för Inkoppling skruvplint:

**Artikelnummer:** 20031  
","0.648","**Inkoppling skruvplint:**"
"-c 817345","# Kompatibilitetsinformation för Produkt 817345

**Artikelnummer:** 817345  

### Passar till
- anslutningscentralen  
- inkommande plintrad, märkt IN, i Doskortet  
- utgående plintrad, märkt OUT, med lämplig kabel  
","0.8","Produkt 817345"
"-c 18252","# Kompatibilitetsinformation för Transpondrar MobileKey

**Artikelnummer:** 18252  

### Passar till
- I/O-boxen via dragavlastande kabelingångar  
- både våra diigitala cylindrar

Tekniska specifikationer  
- både våra diigitala cylindrar
Tekniska specifikationer  
- en standardbox på 10 × 10 cm
- x Bestyckad med instickbara och polvändningssäkra skruvplintar s  
- konfiguration och underhåll av motorvredet och I/O-boxen  
","0.8","Produkt 18252"
"-c 222222","# Kompatibilitetsinformation för 6124 & 6125

**Artikelnummer:** 222222  

### Passar till
- Enkelkommando  alternativt Dubbelkommando  
","0.8","6124 & 6125"
"-c ""6124 & 6125""","# Kompatibilitetsinformation för 6124 & 6125

**Artikelnummer:** 222222  

### Passar till
- Enkelkommando  alternativt Dubbelkommando  
","0.7200000000000001","6124 & 6125"
"-c 50138942","# Kompatibilitetsinformation för ASSA Pando Touch Hi-O™

**Artikelnummer:** 50138942  

### Passar till
- systemet, spänning och busskommunikation  
","0.8","ASSA Pando Touch Hi-O™"
"-c ""ASSA Pando Touch Hi-O™""","# Kompatibilitetsinformation för ASSA Pando Touch Hi-O™

**Artikelnummer:** 50138942  

### Passar till
- systemet, spänning och busskommunikation  
","0.7200000000000001","ASSA Pando Touch Hi-O™"
"-c 066004","# Kompatibilitetsinformation för Especificações

**Artikelnummer:** 066004  

### Passar till
- os efeitos mecânicos do envio e do armazenamento recomendamos que rode primeiro cada botão no sentido anti-horário  e, em seguida, no sentido horário  antes de definir o endereço necessário  
","0.8","**Especificações**"
"-c ""**Especificações**""","# Kompatibilitetsinformation för Especificações

**Artikelnummer:** 066004  

### Passar till
- os efeitos mecânicos do envio e do armazenamento recomendamos que rode primeiro cada botão no sentido anti-horário  e, em seguida, no sentido horário  antes de definir o endereço necessário  
","0.7200000000000001","**Especificações**"
"-c 50139368","# Kompatibilitetsinformation för Produkt 50139368

**Artikelnummer:** 50139368  
","0.72","Produkt 50139368"
"-c 00003","# Kompatibilitetsinformation för Produkt 00003

**Artikelnummer:** 00003  
","0.72","Produkt 00003"
"-c 405306","# Kompatibilitetsinformation för 2X-serien Kompaktrepeater handhavande manual

**Artikelnummer:** 405306  
","0.72","2X-serien Kompaktrepeater handhavande manual"
"-c ""2X-serien Kompaktrepeater handhavande manual""","# Kompatibilitetsinformation för 2X-serien Kompaktrepeater handhavande manual

**Artikelnummer:** 405306  
","0.648","2X-serien Kompaktrepeater handhavande manual"
"-c 50139375","# Kompatibilitetsinformation för 2X-FR-D-C

**Artikelnummer:** 50139375  

### Passar till
- brandlarmcentraler i 2X-serien  
- till brandlarmcentraler i 2X-serien  
","0.8","2X-FR-D-C"
"-c ""2X-FR-D-C""","# Kompatibilitetsinformation för 2X-FR-D-C

**Artikelnummer:** 50139375  

### Passar till
- brandlarmcentraler i 2X-serien  
- till brandlarmcentraler i 2X-serien  
","0.7200000000000001","2X-FR-D-C"
"-c 50139376","# Kompatibilitetsinformation för Installationssnabbguide 2X-serien

**Artikelnummer:** 50139376  
","0.72","Installationssnabbguide 2X-serien"
"-c ""Installationssnabbguide 2X-serien""","# Kompatibilitetsinformation för Installationssnabbguide 2X-serien

**Artikelnummer:** 50139376  
","0.648","Installationssnabbguide 2X-serien"
"-c 50140388","# Kompatibilitetsinformation för pro 1500e

**Artikelnummer:** 50140388  

### Passar till
- alla ACTpro-system
- Spänningsövervakning
- Glaskrossövervakning
- Övervakning av nätspänningsnärvaro, utmatningsspänning och sabotage
- Fel rapporterade på webbgränssnittet och programvaran till ACT Enterprise
- Anti-passback
- Brandåsidosättning
- Sluss/Interlock
- Larma/larma av centralapparat för inkräktarlarm
- IO-modulsupport 
- Hisskontroll
- TCP/IP DHCP/Statiska IP-adresser
- Extra rättigheter och dörrplaner ingår
- Webserver inuti
- Statuslysdioder
- Utrymme i inneslutningen för kabelhantering
- Stöder dörrhanteringsteknik med upp till 32 dörrar
- Kompatibel med alla ACT-läsare

[AS1]

#### Produktspecifikation:  
- alla ACTpro-system
- Spänningsövervakning
- Glaskrossövervakning
- Övervakning av nätspänningsnärvaro, utmatningsspänning och sabotage
- Fel rapporterade på webbgränssnittet och programvaran till ACT Enterprise
- Anti-passback
- Brandåsidosättning
- Sluss/Interlock
- Larma/larma av centralapparat för inkräktarlarm
- IO-modulsupport 
- Hisskontroll
- TCP/IP DHCP/Statiska IP-adresser
- Extra rättigheter och dörrplaner ingår
- Webserver inuti
- Statuslysdioder
- Utrymme i inneslutningen för kabelhantering
- Stöder dörrhanteringsteknik med upp till 32 dörrar
- Kompatibel med alla ACT-läsare
[AS1]
#### Produktspecifikation:  
","0.8","pro 1500e"
"-c ""pro 1500e""","# Kompatibilitetsinformation för pro 1500e

**Artikelnummer:** 50140388  

### Passar till
- alla ACTpro-system
- Spänningsövervakning
- Glaskrossövervakning
- Övervakning av nätspänningsnärvaro, utmatningsspänning och sabotage
- Fel rapporterade på webbgränssnittet och programvaran till ACT Enterprise
- Anti-passback
- Brandåsidosättning
- Sluss/Interlock
- Larma/larma av centralapparat för inkräktarlarm
- IO-modulsupport 
- Hisskontroll
- TCP/IP DHCP/Statiska IP-adresser
- Extra rättigheter och dörrplaner ingår
- Webserver inuti
- Statuslysdioder
- Utrymme i inneslutningen för kabelhantering
- Stöder dörrhanteringsteknik med upp till 32 dörrar
- Kompatibel med alla ACT-läsare

[AS1]

#### Produktspecifikation:  
- alla ACTpro-system
- Spänningsövervakning
- Glaskrossövervakning
- Övervakning av nätspänningsnärvaro, utmatningsspänning och sabotage
- Fel rapporterade på webbgränssnittet och programvaran till ACT Enterprise
- Anti-passback
- Brandåsidosättning
- Sluss/Interlock
- Larma/larma av centralapparat för inkräktarlarm
- IO-modulsupport 
- Hisskontroll
- TCP/IP DHCP/Statiska IP-adresser
- Extra rättigheter och dörrplaner ingår
- Webserver inuti
- Statuslysdioder
- Utrymme i inneslutningen för kabelhantering
- Stöder dörrhanteringsteknik med upp till 32 dörrar
- Kompatibel med alla ACT-läsare
[AS1]
#### Produktspecifikation:  
","0.7200000000000001","pro 1500e"
"-c 50140481","# Kompatibilitetsinformation för Produkt 50140481

**Artikelnummer:** 50140481  

### Passar till
- samma läsare
- » Levereras färdigmonterade i fastighetsbox, värdefack och laddskåp
- » Typ: Solenoid
- » Aktiv öppningstid: 5 st
- » Strömförsörjning: 12 V 250 mA 
- » Driftstemperatur: -20 till +60 
- » Spolresistans: 55 Ohm vid +20 
- » Driftspääning: 10 V
- » Max spänning: 26 V

#### Artikel  
- samma läsare
- » Levereras färdigmonterade i fastighetsbox, värdefack och laddskåp
- » Typ: Solenoid
- » Aktiv öppningstid: 5 st
- » Strömförsörjning: 12 V 250 mA 
- » Driftstemperatur: -20 till +60 
- » Spolresistans: 55 Ohm vid +20 
- » Driftspääning: 10 V
- » Max spänning: 26 V
#### Artikel  
","0.8","Produkt 50140481"
"-c 50142401","# Kompatibilitetsinformation för ASSA ARX Passersystem

**Artikelnummer:** 50142401  

### Passar till
- en växel på ett företag eller direkt till de boende i ett flerbostadshus via ARX TELE  
- entrén kan man enkelt styra vilka som får komma in beroende på tid på dygnet  
","0.8","ASSA ARX Passersystem"
"-c ""ASSA ARX Passersystem""","# Kompatibilitetsinformation för ASSA ARX Passersystem

**Artikelnummer:** 50142401  

### Passar till
- en växel på ett företag eller direkt till de boende i ett flerbostadshus via ARX TELE  
- entrén kan man enkelt styra vilka som får komma in beroende på tid på dygnet  
","0.7200000000000001","ASSA ARX Passersystem"
"-c 5871089","# Kompatibilitetsinformation för Produkt 5871089

**Artikelnummer:** 5871089  
","0.8","Produkt 5871089"
"-c 13787","# Kompatibilitetsinformation för Fjädervred

**Artikelnummer:** 13787  

### Passar till
- R245/15/15 innebär att slutblecket passar ett regel- eller fallregellås, har 15 mm plösmått och är ett vinkelslutbleck med 15 mm vinkel  
- både höger- och vänsterhängd dörr  
- de flesta godkända regel-, hakregel- och fallregellås  
- dörrautomatik måste funktionen öppningsfördröjning finnas och användas i dörrautomatiken  
- ett regel- eller fallregellås, har 15 mm plösmått och är ett vinkelslutbleck med 15 mm vinkel  
- fallregellås, har 15 mm plösmått och är ett vinkelslutbleck med 15 mm vinkel  
- plint 1 = + 24V DC stabiliserad och
Ansluts till plint 1 = + 24V DC stabiliserad och
Öppnasignal med slutning 
DC stabiliserad och filtrerad likspänning  
- plint 1 = + 24V DC stabiliserad och filtrerad likspänning Ansluts till plint 1 = + 24V DC stabiliserad och filtrerad likspänning Ansluts till plint 2 = 0V
Ansluts till plint 2 = 0V Obs! *stabiliserad likspänning  
- plint 1 och 5  
- plint 2 = 0V
filtrerad likspänning Ansluts till plint 2 = 0V
Obs!
Obs!
plint 2 och 4  
- plint 6 och 7  
- samtliga<br>av våra<br>monteringsstolpar  
- skyddsjord  
- så väl vänster- som höger-
Om V eller H saknas i artikelnumret betyder det att slutblecket är vändbart och passar så väl vänster- som höger-
är vändbart och passar både vänster-
är vändbart och passar både vänster-
Plösmått
Plösmått
Total längd
Total längd
Anger slutbleckets plösmått i mm  
","0.8","**Fjädervred**"
"-c ""**Fjädervred**""","# Kompatibilitetsinformation för Fjädervred

**Artikelnummer:** 13787  

### Passar till
- R245/15/15 innebär att slutblecket passar ett regel- eller fallregellås, har 15 mm plösmått och är ett vinkelslutbleck med 15 mm vinkel  
- både höger- och vänsterhängd dörr  
- de flesta godkända regel-, hakregel- och fallregellås  
- dörrautomatik måste funktionen öppningsfördröjning finnas och användas i dörrautomatiken  
- ett regel- eller fallregellås, har 15 mm plösmått och är ett vinkelslutbleck med 15 mm vinkel  
- fallregellås, har 15 mm plösmått och är ett vinkelslutbleck med 15 mm vinkel  
- plint 1 = + 24V DC stabiliserad och
Ansluts till plint 1 = + 24V DC stabiliserad och
Öppnasignal med slutning 
DC stabiliserad och filtrerad likspänning  
- plint 1 = + 24V DC stabiliserad och filtrerad likspänning Ansluts till plint 1 = + 24V DC stabiliserad och filtrerad likspänning Ansluts till plint 2 = 0V
Ansluts till plint 2 = 0V Obs! *stabiliserad likspänning  
- plint 1 och 5  
- plint 2 = 0V
filtrerad likspänning Ansluts till plint 2 = 0V
Obs!
Obs!
plint 2 och 4  
- plint 6 och 7  
- samtliga<br>av våra<br>monteringsstolpar  
- skyddsjord  
- så väl vänster- som höger-
Om V eller H saknas i artikelnumret betyder det att slutblecket är vändbart och passar så väl vänster- som höger-
är vändbart och passar både vänster-
är vändbart och passar både vänster-
Plösmått
Plösmått
Total längd
Total längd
Anger slutbleckets plösmått i mm  
","0.7200000000000001","**Fjädervred**"
"-c 00177","# Kompatibilitetsinformation för 48 LCU9101

**Artikelnummer:** 00177  

### Passar till
- ""plug and play"" teknik  
- en dator med rätt drivrutin installerad  
","0.8","**48** LCU9101"
"-c ""**48** LCU9101""","# Kompatibilitetsinformation för 48 LCU9101

**Artikelnummer:** 00177  

### Passar till
- ""plug and play"" teknik  
- en dator med rätt drivrutin installerad  
","0.7200000000000001","**48** LCU9101"
"-c 00068","# Kompatibilitetsinformation för Produkt 00068

**Artikelnummer:** 00068  

### Passar till
- ""plug and play"" teknik  
- en dator med rätt drivrutin installerad  
- kortet  
","0.8","Produkt 00068"
"-c 50149375","# Kompatibilitetsinformation för DBL360/DBL362 ASSA ABLOY

**Artikelnummer:** 50149375  

### Passar till
- ARX, RX WEB
#### Övrigt

- Valbar rättvänd/omvänd funktion
- Vändbar höger/vänster
- Har inbyggd sabotagekontakt
- Gjutna kåpor
- Kompletteras med trycke, cylinder och cylinderbehör

#### Material

- Mattborstad krom
#### Artikelnummer

- DBL360 med låshus  S556 724 000
- DBL362 med låshus  S556 724 001

(_page_1_Picture_39  
- ARX, RX WEB
#### Övrigt
- Valbar rättvänd/omvänd funktion
- Vändbar höger/vänster
- Har inbyggd sabotagekontakt
- Gjutna kåpor
- Kompletteras med trycke, cylinder och cylinderbehör
#### Material
- Mattborstad krom
#### Artikelnummer
- DBL360 med låshus  S556 724 000
- DBL362 med låshus  S556 724 001
(_page_1_Picture_39  
- ett SELV klassat aggregat)  
","0.8","DBL360/DBL362 **ASSA ABLOY**"
"-c ""DBL360/DBL362 **ASSA ABLOY**""","# Kompatibilitetsinformation för DBL360/DBL362 ASSA ABLOY

**Artikelnummer:** 13396558  

### Passar till
- ett SELV klassat aggregat)  
","0.7200000000000001","DBL360/DBL362 **ASSA ABLOY**"
"-c 1014113","# Kompatibilitetsinformation för Installations- och servicehandbok Originalinstruktioner

**Artikelnummer:** 1014113  

### Passar till
- både tryckande och dragande armsystem  
- både vänster- och högerhängda dörrar och är inte beroende av gångjärnens placering  
- den grundläggande styrmodulen CSDB  
- praktiskt taget alla typer av yttre och inre slagdörrar  
- rörelsehindrade: Art  
- sig i förhållande till påverkan från normala väderväxlingar och mindre friktionsförändringar orsakade av t  
- slavenheten CSDA-S  
","0.8","Installations- och servicehandbok Originalinstruktioner"
"-c ""Installations- och servicehandbok Originalinstruktioner""","# Kompatibilitetsinformation för Installations- och servicehandbok Originalinstruktioner

**Artikelnummer:** 1011706  

### Passar till
- 24 V DC och kopplas in i EXU-SA-reläets utgångsterminal  
- Normal dörröppnare  
- både tryckande och dragande armsystem  
- både vänster- och högerhängda dörrar och är inte beroende av gångjärnens placering  
- kopplingsplint nr 8 och jord  
- n i spåren  
- praktiskt taget alla typer av yttre och inre slagdörrar  
- rörelsehindrade:

(_page_31_Picture_11  
- rörelsehindrade:
(_page_31_Picture_11  
- sig i förhållande till påverkan från normala väderväxlingar och mindre friktionsförändringar orsakade av t  
","0.7200000000000001","Installations- och servicehandbok Originalinstruktioner"
"-c 1011706","# Kompatibilitetsinformation för Installations- och servicehandbok Originalinstruktioner

**Artikelnummer:** 1011706  

### Passar till
- 24 V DC och kopplas in i EXU-SA-reläets utgångsterminal  
- Normal dörröppnare  
- både tryckande och dragande armsystem  
- både vänster- och högerhängda dörrar och är inte beroende av gångjärnens placering  
- kopplingsplint nr 8 och jord  
- n i spåren  
- praktiskt taget alla typer av yttre och inre slagdörrar  
- rörelsehindrade:

(_page_31_Picture_11  
- rörelsehindrade:
(_page_31_Picture_11  
- sig i förhållande till påverkan från normala väderväxlingar och mindre friktionsförändringar orsakade av t  
","0.8","Installations- och servicehandbok Originalinstruktioner"
"-c 31020","# Kompatibilitetsinformation för *Förklaring*

**Artikelnummer:** 31020  

### Passar till
- att sätta service intervallen och den kan återställas efter att servicen är utförd  
- ett passersystem för att få ett mail  
- hålen på armen när dörren är stängd, skruva därefter fast medföljande M6x16 bult för att fästa armen  
- sig efter aktuella dörregenskaper  
- yrkesmässigt kompetent personal med lämplig utbildning  
","0.8","*Förklaring*"
"-c ""*Förklaring*""","# Kompatibilitetsinformation för *Förklaring*

**Artikelnummer:** 31020  

### Passar till
- att sätta service intervallen och den kan återställas efter att servicen är utförd  
- ett passersystem för att få ett mail  
- hålen på armen när dörren är stängd, skruva därefter fast medföljande M6x16 bult för att fästa armen  
- sig efter aktuella dörregenskaper  
- yrkesmässigt kompetent personal med lämplig utbildning  
","0.7200000000000001","*Förklaring*"
"-c 78056","# Kompatibilitetsinformation för dormakaba c-lever compact HAC

**Artikelnummer:** 78056  

### Passar till
- endast den användning som anges i kapitlet Produktbeskrivning  
","0.8","dormakaba c-lever compact HAC"
"-c ""dormakaba c-lever compact HAC""","# Kompatibilitetsinformation för dormakaba c-lever compact HAC

**Artikelnummer:** 78056  

### Passar till
- endast den användning som anges i kapitlet Produktbeskrivning  
","0.7200000000000001","dormakaba c-lever compact HAC"
"-c 10020144","# Kompatibilitetsinformation för TEKNISK SPECIFIKATION

**Artikelnummer:** 10020144  

### Passar till
- att användas tillsammans med centralapparater i lares 4  
- det lokala nätverket  via en nätverkskabel till en nätverks- switch, helst av PoE typ som har en spännings- backup med batteri  
","0.8","**TEKNISK SPECIFIKATION**"
"-c ""**TEKNISK SPECIFIKATION**""","# Kompatibilitetsinformation för TEKNISK SPECIFIKATION

**Artikelnummer:** 10020144  

### Passar till
- att användas tillsammans med centralapparater i lares 4  
- det lokala nätverket  via en nätverkskabel till en nätverks- switch, helst av PoE typ som har en spännings- backup med batteri  
","0.7200000000000001","**TEKNISK SPECIFIKATION**"
"-c 2100040","# Kompatibilitetsinformation för KSI2100040.302 KSI2100041.302 TOUCHMANÖVERPANEL

**Artikelnummer:** 2100040  

### Passar till
- att användas tillsammans med centralapparater i lares 4  
- det lokala nätverket  via en nätverkskabel till en nätverks- switch, helst av PoE typ som har en spännings- backup med batteri  
","0.8","KSI2100040.302 KSI2100041.302 **TOUCHMANÖVERPANEL**"
"-c ""KSI2100040.302 KSI2100041.302 **TOUCHMANÖVERPANEL**""","# Kompatibilitetsinformation för KSI2100040.302 KSI2100041.302 TOUCHMANÖVERPANEL

**Artikelnummer:** 2100040  

### Passar till
- att användas tillsammans med centralapparater i lares 4  
- det lokala nätverket  via en nätverkskabel till en nätverks- switch, helst av PoE typ som har en spännings- backup med batteri  
","0.7200000000000001","KSI2100040.302 KSI2100041.302 **TOUCHMANÖVERPANEL**"
"-c 50155284","# Kompatibilitetsinformation för ASSA Pando™ Secure Generisk läsare med knappsats

**Artikelnummer:** 50155284  

### Passar till
- ASSAs passersystem ARX eller RX WEB  
","0.8","ASSA Pando™ Secure Generisk läsare med knappsats"
"-c ""ASSA Pando™ Secure Generisk läsare med knappsats""","# Kompatibilitetsinformation för ASSA Pando™ Secure Generisk läsare med knappsats

**Artikelnummer:** 50155284  

### Passar till
- ASSAs passersystem ARX eller RX WEB  
","0.7200000000000001","ASSA Pando™ Secure Generisk läsare med knappsats"
"-c 27675","# Kompatibilitetsinformation för Produkt 27675

**Artikelnummer:** 27675  

### Passar till
- AC/DC-adaptern  
- din dator  
- för din dator  
- produkten och datorn  
","0.8","Produkt 27675"
"-c 333566","# Kompatibilitetsinformation för Installation Guide User Manual

**Artikelnummer:** 333566  

### Passar till
- bara åt ett håll  
- bäst  
","0.8","Installation Guide User Manual"
"-c ""Installation Guide User Manual""","# Kompatibilitetsinformation för Installation Guide User Manual

**Artikelnummer:** 333566  

### Passar till
- bara åt ett håll  
- bäst  
","0.7200000000000001","Installation Guide User Manual"
"-c 50457166","# Kompatibilitetsinformation för Centralenhet DCU-2

**Artikelnummer:** 50457166  

### Passar till
- alla Dinbox elektroniska produkter  
- till alla Dinbox elektroniska produkter  
","0.8","Centralenhet DCU-2"
"-c ""Centralenhet DCU-2""","# Kompatibilitetsinformation för Centralenhet DCU-2

**Artikelnummer:** 50457166  

### Passar till
- alla Dinbox elektroniska produkter  
- till alla Dinbox elektroniska produkter  
","0.7200000000000001","Centralenhet DCU-2"
"-c 7207580","# Kompatibilitetsinformation för Manöverpaneler

**Artikelnummer:** 7207580  

### Passar till
- EN50131: Om systemet inte är klart för tillkoppling så kommer systemet inte att tillkopplas och händelsen ""Fel vid tillkoppling"" att genereras  
","1.0","**Manöverpaneler**"
"-c ""**Manöverpaneler**""","# Kompatibilitetsinformation för Manöverpaneler

**Artikelnummer:** 7207580  

### Passar till
- EN50131: Om systemet inte är klart för tillkoppling så kommer systemet inte att tillkopplas och händelsen ""Fel vid tillkoppling"" att genereras  
","0.9","**Manöverpaneler**"
"-c 123456","# Kompatibilitetsinformation för Programmeringsmanual

**Artikelnummer:** 123456  

### Passar till
- EN50131: Om systemet inte är klart för tillkoppling så kommer systemet inte att tillkopplas och händelsen ""Fel vid tillkoppling"" att genereras  
- användare, utgångar, sektioner och enheter som används av användare , och kan användas att styra separat upptill åtta utgångar som kan aktiveras för varje händelse  
- en åtgärd (exempel, att skicka ett e-post meddelande eller utföra en tillkoppling  
","1.0","**Programmeringsmanual**"
"-c ""**Programmeringsmanual**""","# Kompatibilitetsinformation för Programmeringsmanual

**Artikelnummer:** 123456  

### Passar till
- EN50131: Om systemet inte är klart för tillkoppling så kommer systemet inte att tillkopplas och händelsen ""Fel vid tillkoppling"" att genereras  
- användare, utgångar, sektioner och enheter som används av användare , och kan användas att styra separat upptill åtta utgångar som kan aktiveras för varje händelse  
- en åtgärd (exempel, att skicka ett e-post meddelande eller utföra en tillkoppling  
","0.9","**Programmeringsmanual**"
"-c 50461025","# Kompatibilitetsinformation för 3. INSTALLATION

**Artikelnummer:** 50461025  
","0.72","**3. INSTALLATION**"
"-c ""**3. INSTALLATION**""","# Kompatibilitetsinformation för 3. INSTALLATION

**Artikelnummer:** 50461025  
","0.648","**3. INSTALLATION**"
"-c 20200302","# Kompatibilitetsinformation för Produkt 20200302

**Artikelnummer:** 20200302  
","0.72","Produkt 20200302"
"-c 345678","# Kompatibilitetsinformation för Programmeringsguide Touch Pro

**Artikelnummer:** 345678  

### Passar till
- dörren & dörrkarmens urfräsning  
- en av nödnycklarna innan du stänger dörren  
","0.8","**Programmeringsguide Touch Pro**"
"-c ""**Programmeringsguide Touch Pro**""","# Kompatibilitetsinformation för Programmeringsguide Touch Pro

**Artikelnummer:** 345678  

### Passar till
- dörren & dörrkarmens urfräsning  
- en av nödnycklarna innan du stänger dörren  
","0.7200000000000001","**Programmeringsguide Touch Pro**"
"-c 817383","# Kompatibilitetsinformation för Touch Pro

**Artikelnummer:** 817383  

### Passar till
- dörren & dörrkarmens urfräsning  
- en av nödnycklarna innan du stänger dörren  
","0.8","**Touch Pro**"
"-c ""**Touch Pro**""","# Kompatibilitetsinformation för Touch Pro

**Artikelnummer:** 817383  

### Passar till
- dörren & dörrkarmens urfräsning  
- en av nödnycklarna innan du stänger dörren  
","0.7200000000000001","**Touch Pro**"
"-c 50462223","# Kompatibilitetsinformation för ASSA ABLOY DAC630

**Artikelnummer:** 50462223  

### Passar till
- valfritt passer och säkerhetssystem där relevanta in och utgångsfunktioner finns  
","0.8","ASSA ABLOY DAC630"
"-c ""ASSA ABLOY DAC630""","# Kompatibilitetsinformation för ASSA ABLOY DAC630

**Artikelnummer:** 50462223  

### Passar till
- valfritt passer och säkerhetssystem där relevanta in och utgångsfunktioner finns  
","0.7200000000000001","ASSA ABLOY DAC630"
"-c 50463120","# Kompatibilitetsinformation för Driftsätta

**Artikelnummer:** 50463120  
","0.72","**Driftsätta**"
"-c ""**Driftsätta**""","# Kompatibilitetsinformation för Driftsätta

**Artikelnummer:** 50463120  
","0.648","**Driftsätta**"
"-c 50463333","# Kompatibilitetsinformation för Produktbeskrivning

**Artikelnummer:** 50463333  

### Passar till
- ett onlinesystem eller som ett offlinelås  
","0.8","Produktbeskrivning"
"-c ""Produktbeskrivning""","# Kompatibilitetsinformation för Produktbeskrivning

**Artikelnummer:** 50463333  

### Passar till
- ett onlinesystem eller som ett offlinelås  
","0.7200000000000001","Produktbeskrivning"
"-c 310335","# Kompatibilitetsinformation för Lysdiodsindikeringar

**Artikelnummer:** 310335  

### Passar till
- anläggningen

(_page_20_Figure_8  
- modul PIM eller EDM  
- pardörrar med överlappning  
- till anläggningen

(_page_20_Figure_8  
- till pardörrar med överlappning  
","0.8","**Lysdiodsindikeringar**"
"-c ""**Lysdiodsindikeringar**""","# Kompatibilitetsinformation för Lysdiodsindikeringar

**Artikelnummer:** 310335  

### Passar till
- anläggningen

(_page_20_Figure_8  
- modul PIM eller EDM  
- pardörrar med överlappning  
- till anläggningen

(_page_20_Figure_8  
- till pardörrar med överlappning  
","0.7200000000000001","**Lysdiodsindikeringar**"
"-c 300330","# Kompatibilitetsinformation för Säkerhet

**Artikelnummer:** 300330  

### Passar till
- 433 MHz  
- P1 och oavsett hur den är polariserad  
- P8/1, 4  
- RS485 A resp  
- aktivering av<br>bildskärm via t  
- anslutning till kortläsare med interface av Wiegand-typ  
- det publika telenätet  
- elnätet  
- exempelvis P4/13 kommer även P2/5 att mata<br>ut plus – viktigt vid användning av vibrationsdetektor  
- inomhusmiljö  
- lokalbussen på undercentral UC-50 och upptar en kortläsarplats  
- montage i UC-50  
- mot den 10-poliga hylskontakten på RS-50  
- mot undercentralens stiftlist P14  
- plint P6  enligt nedanstående schema  
- porttelefon PA-519  
- porttelefon PA-59 eller PA-519  
- slitsplintarna P1/P9, P2/P10 … P8/P16 och är avsäkrade två och två på plussidan med säkringarna FU3–FU6  på plintkortet  
- telenätet  
- undercentralen med bifogad kabel  
- vibrationsdetektorn  
","0.8","**Säkerhet**"
"-c ""**Säkerhet**""","# Kompatibilitetsinformation för Säkerhet

**Artikelnummer:** 300330  

### Passar till
- 433 MHz  
- P1 och oavsett hur den är polariserad  
- P8/1, 4  
- RS485 A resp  
- aktivering av<br>bildskärm via t  
- anslutning till kortläsare med interface av Wiegand-typ  
- det publika telenätet  
- elnätet  
- exempelvis P4/13 kommer även P2/5 att mata<br>ut plus – viktigt vid användning av vibrationsdetektor  
- inomhusmiljö  
- lokalbussen på undercentral UC-50 och upptar en kortläsarplats  
- montage i UC-50  
- mot den 10-poliga hylskontakten på RS-50  
- mot undercentralens stiftlist P14  
- plint P6  enligt nedanstående schema  
- porttelefon PA-519  
- porttelefon PA-59 eller PA-519  
- slitsplintarna P1/P9, P2/P10 … P8/P16 och är avsäkrade två och två på plussidan med säkringarna FU3–FU6  på plintkortet  
- telenätet  
- undercentralen med bifogad kabel  
- vibrationsdetektorn  
","0.7200000000000001","**Säkerhet**"
"-c 40035","# Kompatibilitetsinformation för Produkt 40035

**Artikelnummer:** 40035  

### Passar till
- 433 MHz  
- P1 och oavsett hur den är polariserad  
- P8/1, 4  
- RS485 A resp  
- aktivering av<br>bildskärm via t  
- anslutning till kortläsare med interface av Wiegand-typ  
- det publika telenätet  
- elnätet  
- exempelvis P4/13 kommer även P2/5 att mata<br>ut plus – viktigt vid användning av vibrationsdetektor  
- inomhusmiljö  
- lokalbussen på undercentral UC-50 och upptar en kortläsarplats  
- montage i UC-50  
- mot den 10-poliga hylskontakten på RS-50  
- mot undercentralens stiftlist P14  
- plint P6  enligt nedanstående schema  
- porttelefon PA-519  
- porttelefon PA-59 eller PA-519  
- slitsplintarna P1/P9, P2/P10 … P8/P16 och är avsäkrade två och två på plussidan med säkringarna FU3–FU6  på plintkortet  
- telenätet  
- undercentralen med bifogad kabel  
- vibrationsdetektorn  
","0.8","Produkt 40035"
"-c 50464167","# Kompatibilitetsinformation för MINIAIR 2

**Artikelnummer:** 50464167  

### Passar till
- analoga uppringare via dial capture  
","0.8","MINIAIR 2"
"-c ""MINIAIR 2""","# Kompatibilitetsinformation för MINIAIR 2

**Artikelnummer:** 50464167  

### Passar till
- analoga uppringare via dial capture  
","0.7200000000000001","MINIAIR 2"
"-c 62549688","# Kompatibilitetsinformation för ASSA motorlås – smalprofil 841C-35, 851C-35

**Artikelnummer:** 62549688  

### Passar till
- bra som natt- och säkerhetslåsning i dörrar med höga säkerhetskrav inom handel, kontor och industri  
- en DAC564 eller till en DAC530  
- inomhusbruk  
- karm/dörrblad  
- spänningsmatning
- Ska installeras inomhus på den skyddade sidan av dörren inom 10 m från motorlåset
- Om DAC564/DAC530 integreras med ARX passersystem skapas en totalintegrerad lösning med stor flexibilitet

(_page_0_Picture_29  
- spänningsmatning
- Ska installeras inomhus på den skyddade sidan av dörren inom 10 m från motorlåset
- Om DAC564/DAC530 integreras med ARX passersystem skapas en totalintegrerad lösning med stor flexibilitet
(_page_0_Picture_29  
- valfritt passer och säkerhetssystem där relevanta in och utgångsfunktioner finns  
","0.8","ASSA motorlås – smalprofil 841C-35, 851C-35"
"-c 225510","# Kompatibilitetsinformation för 301 / 303 / 3031 / 307 / 317 Ovala cylindrar med ""HH profil""

**Artikelnummer:** 225510  

### Passar till
- 55032 och 55034  
- 55131, 55137, 55134, 55136  
- JK-06,15 271  
- JK-06,15<br>271  
- MU 1200-serien samt ASSA Classic  
- alla aluminiumdörrprofiler  
- alla cylinderlås med svensk standard  
- bra för utomhusbruk  
- centralenhet samt till signalmottagare  
- daghem, fritidshem, äldrevård, läkarmottagningar samt sjukhus  
- dörrar upp till 2350 mm  
- dörrtjocklek från 12 till 19 mm  
- efter gamla standardslutblecken för dessa lås  
- elektriska slutbleck i 100 och 300-serien och är förberedd för dubbelfallås  
- elektriska slutbleck i 100 och 300-serien och är förberedd för enkelfallås  
- elektriska slutbleck i 100 och 300-serien och är förberedda för enkelfallås  
- elektriska slutbleck i 100- och 300-serien  
- elektriska slutbleck i 400- serien och är förberedda för enkelfallås  
- elektriska slutbleck i 400-serien och är förberedda för enkelfallås  
- elslutbleck i 100 och 300-serien och är förberedd för enkelfallås  
- elslutbleck i 100 serien och är förberedd för dubbelfallås  
- elslutbleck i 100- och 300 serien och är förberedd för enkelfallås  
- elslutbleck i 100- och 300-serien och är förberedd för enkelfallås  
- elslutbleck i 100- serien och är förberedd för dubbelfallås  
- elslutbleck i 100-serien och är förberedd för dubbelfallås  
- elslutbleck i 100-serien och är förberedda för dubbelfallås  
- enkel / dubbelfallslås samt fallregellås  
- enkel/dubbelfallslås samt fallregellås  
- enkla och dubbla skjutdörrar  
- för enkel / dubbelfallslås samt fallregellås  
- för enkel/dubbelfallslås samt fallregellås  
- lätta mindre fönster

#### Utförande:

Stål glansförzinkat med löphjul av manganbrons  
- lätta mindre fönster
#### Utförande:
Stål glansförzinkat med löphjul av manganbrons  
- modullåsurtag  
- också andra metallprofiler  
- också till andra aluminiumprofiler  
- också till andra metallprofiler  
- också till vissa andra aluminiumprofiler  
- också till vissa andra metallprofiler  
- samtliga vertikala fönsterhängningar  
- säkerhetsslutbleck  
- till 55032 och 55034  
- till 55131, 55137, 55134, 55136  
- till daghem, fritidshem, äldrevård, läkarmottagningar samt sjukhus  
- till enkla och dubbla skjutdörrar  
- till vänster- och högerdörrar  
- till vänster- och högerportar  
- till: JA80F, JA80S, JA80D, JA85P, JA85B & JA89P  
- vänster- och högerdörrar  
- vänster- och högerportar  
- Även andra metallprofiler  
","1.0","**301 / 303 / 3031 / 307 / 317 Ovala cylindrar med ""HH profil""**"
"-c ""**301 / 303 / 3031 / 307 / 317 Ovala cylindrar med ""HH profil""**""","# Kompatibilitetsinformation för 301 / 303 / 3031 / 307 / 317 Ovala cylindrar med ""HH profil""

**Artikelnummer:** 225510  

### Passar till
- 55032 och 55034  
- 55131, 55137, 55134, 55136  
- JK-06,15 271  
- JK-06,15<br>271  
- MU 1200-serien samt ASSA Classic  
- alla aluminiumdörrprofiler  
- alla cylinderlås med svensk standard  
- bra för utomhusbruk  
- centralenhet samt till signalmottagare  
- daghem, fritidshem, äldrevård, läkarmottagningar samt sjukhus  
- dörrar upp till 2350 mm  
- dörrtjocklek från 12 till 19 mm  
- efter gamla standardslutblecken för dessa lås  
- elektriska slutbleck i 100 och 300-serien och är förberedd för dubbelfallås  
- elektriska slutbleck i 100 och 300-serien och är förberedd för enkelfallås  
- elektriska slutbleck i 100 och 300-serien och är förberedda för enkelfallås  
- elektriska slutbleck i 100- och 300-serien  
- elektriska slutbleck i 400- serien och är förberedda för enkelfallås  
- elektriska slutbleck i 400-serien och är förberedda för enkelfallås  
- elslutbleck i 100 och 300-serien och är förberedd för enkelfallås  
- elslutbleck i 100 serien och är förberedd för dubbelfallås  
- elslutbleck i 100- och 300 serien och är förberedd för enkelfallås  
- elslutbleck i 100- och 300-serien och är förberedd för enkelfallås  
- elslutbleck i 100- serien och är förberedd för dubbelfallås  
- elslutbleck i 100-serien och är förberedd för dubbelfallås  
- elslutbleck i 100-serien och är förberedda för dubbelfallås  
- enkel / dubbelfallslås samt fallregellås  
- enkel/dubbelfallslås samt fallregellås  
- enkla och dubbla skjutdörrar  
- för enkel / dubbelfallslås samt fallregellås  
- för enkel/dubbelfallslås samt fallregellås  
- lätta mindre fönster

#### Utförande:

Stål glansförzinkat med löphjul av manganbrons  
- lätta mindre fönster
#### Utförande:
Stål glansförzinkat med löphjul av manganbrons  
- modullåsurtag  
- också andra metallprofiler  
- också till andra aluminiumprofiler  
- också till andra metallprofiler  
- också till vissa andra aluminiumprofiler  
- också till vissa andra metallprofiler  
- samtliga vertikala fönsterhängningar  
- säkerhetsslutbleck  
- till 55032 och 55034  
- till 55131, 55137, 55134, 55136  
- till daghem, fritidshem, äldrevård, läkarmottagningar samt sjukhus  
- till enkla och dubbla skjutdörrar  
- till vänster- och högerdörrar  
- till vänster- och högerportar  
- till: JA80F, JA80S, JA80D, JA85P, JA85B & JA89P  
- vänster- och högerdörrar  
- vänster- och högerportar  
- Även andra metallprofiler  
","0.9","**301 / 303 / 3031 / 307 / 317 Ovala cylindrar med ""HH profil""**"
"-c 11846","# Kompatibilitetsinformation för SÄKERHETSDATABLAD Secwise Låsspray COPIAX

**Artikelnummer:** 11846  
","1.0","SÄKERHETSDATABLAD Secwise Låsspray COPIAX"
"-c ""SÄKERHETSDATABLAD Secwise Låsspray COPIAX""","# Kompatibilitetsinformation för SÄKERHETSDATABLAD Secwise Låsspray COPIAX

**Artikelnummer:** 11846  
","0.9","SÄKERHETSDATABLAD Secwise Låsspray COPIAX"
"-c 104092","# Kompatibilitetsinformation för ZERTIFIKAT CERTIFICATE GS-0803-104092-000

**Artikelnummer:** 104092  
","1.0","ZERTIFIKAT CERTIFICATE GS-0803-104092-000"
"-c ""ZERTIFIKAT CERTIFICATE GS-0803-104092-000""","# Kompatibilitetsinformation för ZERTIFIKAT CERTIFICATE GS-0803-104092-000

**Artikelnummer:** 104092  
","0.9","ZERTIFIKAT CERTIFICATE GS-0803-104092-000"
"-c 376860","# Kompatibilitetsinformation för Produkt 376860

**Artikelnummer:** 376860  
","1.0","Produkt 376860"
"-c 20100152","# Kompatibilitetsinformation för Produkt 20100152

**Artikelnummer:** 20100152  
","0.72","Produkt 20100152"
"-c 13396558","# Kompatibilitetsinformation för DBL360/DBL362 ASSA ABLOY

**Artikelnummer:** 13396558  

### Passar till
- ett SELV klassat aggregat)  
","0.8","DBL360/DBL362 **ASSA ABLOY**"
"-c 12040250","# Kompatibilitetsinformation för Produkt 12040250

**Artikelnummer:** 12040250  

### Passar till
- enkla dörrar och är helt utan cylinder och vred  
- för *innerdörrar* och är mycket enkelt att montera på exempelvis kontorsdörrar, datarum, arkiv och lager  
- innerdörrar* och är mycket enkelt att montera på exempelvis kontorsdörrar, datarum, arkiv och lager  
","0.8","Produkt 12040250"
"-c 50132596","# Kompatibilitetsinformation för Produkt 50132596

**Artikelnummer:** 50132596  

### Passar till
- utmärkt till skolor, idrottshallar och andra offentliga lokaler  
","0.8","Produkt 50132596"
